"Time_Iter","Outer_Iter","Inner_Iter",    "rms[Rho]"    ,    "rms[RhoU]"   ,    "rms[RhoV]"   ,    "rms[RhoE]"   ,"Linear_Solver_Iterations",    "LinSolRes"   
          0,           0,           0,      -1.444156342,      0.6608935955,      0.5607469445,       4.041174584,                         4,      -0.901694536
          0,           0,           1,      -1.517379753,      0.8653950352,       1.014087011,        3.95473029,                         4,     -0.7006505943
          0,           0,           2,      -1.857561588,      0.4968397323,      0.4428194757,       3.617913319,                         4,     -0.3888472129
          0,           0,           3,      -2.142609542,      0.4312023989,      0.4853409962,       3.336429522,                         4,     -0.2037805672
          0,           0,           4,      -2.269704667,      0.3398840811,      0.3286392708,       3.208054175,                         4,    -0.07655292926
          0,           0,           5,      -2.326251104,       0.317312646,      0.2725560599,       3.152398274,                         4,    -0.07607555436
          0,           0,           6,      -2.392199048,       0.285539802,      0.2136275256,       3.084169957,                         4,    -0.02278216417
          0,           0,           7,       -2.41576791,      0.2697046783,      0.2003178531,       3.060588168,                         4,    -0.01556113911
          0,           0,           8,      -2.426604033,      0.2570728163,      0.1887703922,       3.049475465,                         4,    -0.01267035001
          0,           0,           9,       -2.43322746,      0.2444819672,      0.1788831174,       3.042904388,                         4,     -0.0129230468
          0,           0,          10,      -2.440203687,      0.2301104352,      0.1684649541,       3.036142646,                         4,    -0.01465465708
          0,           0,          11,      -2.450481766,      0.2132640382,      0.1562169468,       3.026122139,                         4,    -0.01619799924
          0,           0,          12,      -2.464722615,      0.1943943843,      0.1421667786,       3.012058214,                         4,    -0.01634914324
          0,           0,          13,      -2.481322744,      0.1748494688,      0.1275306019,       2.995494845,                         4,    -0.01519153785
          0,           0,          14,      -2.498162393,      0.1559847322,      0.1136246368,       2.978574183,                         4,    -0.01347701222
          0,           0,          15,      -2.513956166,      0.1386051673,      0.1011468597,          2.962641,                         4,    -0.01174486114
          0,           0,          16,      -2.528245352,      0.1229853564,     0.09025429602,       2.948208865,                         4,    -0.01019450452
          0,           0,          17,      -2.540977246,      0.1091026398,     0.08085649489,       2.935369039,                         4,   -0.008873651923
          0,           0,          18,      -2.552270121,     0.09680127525,     0.07277035494,       2.924024315,                         4,   -0.007772330886
          0,           0,          19,      -2.562297256,     0.08588070795,     0.06580196143,        2.91400672,                         4,   -0.006873051571
          0,           0,          20,      -2.571256239,     0.07612740325,     0.05976576083,       2.905112141,                         4,   -0.006171093857
          0,           0,          21,       -2.57938682,     0.06734159626,      0.0544464835,       2.897092881,                         4,   -0.005610227502
          0,           0,          22,       -2.58686022,      0.0593787201,     0.04969239069,       2.889768253,                         4,   -0.005132464266
          0,           0,          23,      -2.593765515,     0.05214536199,     0.04543291292,        2.88304547,                         4,   -0.004732461082
          0,           0,          24,      -2.600210562,     0.04553451155,     0.04158753648,       2.876813396,                         4,   -0.004396589196
          0,           0,          25,      -2.606290405,      0.0394443583,     0.03808836084,       2.870974889,                         4,   -0.004113935187
          0,           0,          26,      -2.612083174,     0.03378514685,     0.03487877095,       2.865449396,                         4,   -0.003876945183
          0,           0,          27,      -2.617656147,     0.02847742722,     0.03190891182,       2.860166353,                         4,   -0.003681416273
          0,           0,          28,      -2.623073537,     0.02344800985,      0.0291332002,       2.855057349,                         4,   -0.003525220496
          0,           0,          29,      -2.628403367,      0.0186237174,     0.02650628828,       2.850049654,                         4,   -0.003416774431
