"Time_Iter","Outer_Iter","Inner_Iter",    "rms[Rho]"    ,    "rms[RhoU]"   ,    "rms[RhoV]"   ,    "rms[RhoE]"   ,     "rms[nu]"    ,    "RefForce"    ,       "CD"       ,       "CL"       ,       "CSF"      ,       "CMx"      ,       "CMy"      ,       "CMz"      ,       "CFx"      ,       "CFy"      ,       "CFz"      ,      "CEff"      ,     "Buffet"     
          0,           0,           0,      -6.887711146,      -6.815307433,      -7.059228057,      -6.335809639,      -9.091072946,           0.01575,     0.01708027491,       1.080432385,                 0,                 0,                 0,   -0.004458373596,     -0.1707943275,       1.066984148,                 0,       63.25614725,     0.03925368515
          0,           0,           1,      -7.100672298,      -6.901247937,      -7.001278714,      -6.543539382,      -9.175485461,           0.01575,     0.01682041381,       1.080539986,                 0,                 0,                 0,   -0.004581003947,     -0.1710689256,        1.06704499,                 0,       64.23979805,     0.03925368515
          0,           0,           2,      -7.382102128,      -6.917970373,      -6.952635875,      -6.798531933,      -9.278895465,           0.01575,     0.01670672119,       1.080684996,                 0,                 0,                 0,   -0.004659200364,     -0.1712060717,       1.067168055,                 0,       64.68564262,     0.03925368515
          0,           0,           3,      -7.465249678,      -6.912626588,      -6.984596951,      -6.865633613,      -9.415967324,           0.01575,     0.01661812567,       1.080733103,                 0,                 0,                 0,   -0.004757442024,     -0.1713016749,       1.067200046,                 0,       65.03339333,     0.03925368515
          0,           0,           4,      -7.513696594,      -6.902622444,      -6.998548122,      -6.903345263,       -9.58079608,           0.01575,     0.01654274045,       1.080674844,                 0,                 0,                 0,   -0.004872356355,     -0.1713657983,       1.067129582,                 0,       65.32622859,     0.03925368515
          0,           0,           5,      -7.541488719,      -6.893805188,      -6.994611276,      -6.923391807,      -9.752788783,           0.01575,     0.01648033741,       1.080521703,                 0,                 0,                 0,   -0.004990793866,     -0.1714006606,       1.066967931,                 0,       65.56429498,     0.03925368515
          0,           0,           6,       -7.54163802,      -6.887271156,      -6.988946938,       -6.92151121,      -9.908037745,           0.01575,     0.01643087832,       1.080296408,                 0,                 0,                 0,   -0.005102459599,     -0.1714102463,        1.06673747,                 0,       65.74794039,     0.03925368515
          0,           0,           7,      -7.529333498,      -6.883535395,      -6.986963451,      -6.909958105,      -10.03900987,           0.01575,     0.01639530872,       1.080033589,                 0,                 0,                 0,   -0.005198136008,     -0.1713996374,       1.066472467,                 0,       65.87455031,     0.03925368515
          0,           0,           8,      -7.514740078,      -6.883129235,      -6.988843959,      -6.896880545,      -10.14863384,           0.01575,     0.01637591517,       1.079776304,                 0,                 0,                 0,   -0.005268995791,     -0.1713740593,       1.066215724,                 0,       65.93685255,     0.03925368515
          0,           0,           9,       -7.50399633,      -6.886545488,      -6.994274046,      -6.887302272,      -10.22715986,           0.01575,     0.01637304792,       1.079568676,                 0,                 0,                 0,   -0.005309667679,     -0.1713408287,       1.066010752,                 0,       65.93571832,     0.03925368515
          0,           0,          10,      -7.497940443,      -6.894290192,      -7.003517272,       -6.88216913,      -10.26332181,           0.01575,     0.01638366885,        1.07943349,                 0,                 0,                 0,   -0.005321406257,     -0.1713068944,       1.065879464,                 0,       65.88472339,     0.03925368515
          0,           0,          11,      -7.495873901,      -6.906875618,      -7.017218468,      -6.881259337,      -10.27793075,           0.01575,      0.0164033685,        1.07937825,                 0,                 0,                 0,   -0.005308137818,     -0.1712779016,       1.065828484,                 0,       65.80223139,     0.03925368515
          0,           0,          12,      -7.498277787,      -6.924652315,       -7.03581108,      -6.885156061,      -10.30053916,           0.01575,     0.01642743396,       1.079401613,                 0,                 0,                 0,   -0.005275781924,     -0.1712582587,       1.065855671,                 0,       65.70725626,     0.03925368515
          0,           0,          13,      -7.506696824,      -6.947614613,      -7.059374173,      -6.895135408,      -10.34574829,           0.01575,      0.0164519172,       1.079495769,                 0,                 0,                 0,   -0.005230625359,     -0.1712504975,       1.065952648,                 0,       65.61519582,     0.03925368515
          0,           0,          14,      -7.522409506,      -6.975352301,       -7.08744475,       -6.91215052,      -10.41804632,           0.01575,     0.01647438846,       1.079646886,                 0,                 0,                 0,   -0.005177895395,     -0.1712546088,       1.066105371,                 0,        65.5348688,     0.03925368515
          0,           0,          15,       -7.54574442,      -7.007088151,      -7.119200418,      -6.936338505,      -10.51816225,           0.01575,     0.01649329841,       1.079838738,                 0,                 0,                 0,    -0.00512267861,     -0.1712693009,       1.066297593,                 0,       65.47136365,     0.03925368515
          0,           0,          16,      -7.576204504,      -7.041863206,      -7.153805381,      -6.967141167,      -10.64565988,           0.01575,     0.01650681871,       1.080051625,                 0,                 0,                 0,   -0.005069802537,     -0.1712929535,       1.066509593,                 0,       65.43063472,     0.03925368515
          0,           0,          17,      -7.612621378,       -7.07884381,      -7.190574574,      -7.003437944,      -10.79913249,           0.01575,     0.01651516292,        1.08027238,                 0,                 0,                 0,   -0.005021606342,     -0.1713230696,       1.066728443,                 0,       65.41094295,     0.03925368515
          0,           0,          18,      -7.653341207,      -7.117582023,      -7.229040267,      -7.043720419,      -10.97434757,           0.01575,     0.01651921413,       1.080489012,                 0,                 0,                 0,     -0.0049800018,     -0.1713566977,       1.066942487,                 0,       65.40801537,     0.03925368515
          0,           0,          19,      -7.696674601,      -7.158081221,      -7.268913888,       -7.08650978,      -11.15770639,           0.01575,     0.01651927834,       1.080691705,                 0,                 0,                 0,   -0.004945895765,     -0.1713918317,       1.067142112,                 0,        65.4200312,     0.03925368515
          0,           0,          20,      -7.740898772,      -7.200469792,      -7.309852896,      -7.130324518,      -11.31678614,           0.01575,     0.01651616551,       1.080874116,                 0,                 0,                 0,   -0.004919354713,     -0.1714265727,       1.067321211,                 0,       65.44340546,     0.03925368515
          0,           0,          21,      -7.784773341,      -7.244528667,      -7.351336221,      -7.174080318,      -11.41283037,           0.01575,     0.01651080206,       1.081033197,                 0,                 0,                 0,    -0.00489997338,     -0.1714594788,       1.067476944,                 0,       65.47429939,     0.03925368515
          0,           0,          22,      -7.827610099,       -7.28926162,      -7.392623261,      -7.217082673,      -11.45568521,           0.01575,     0.01650384549,       1.081167267,                 0,                 0,                 0,   -0.004887143394,     -0.1714896107,        1.06760777,                 0,       65.51002115,     0.03925368515
          0,           0,          23,      -7.869056681,      -7.332805249,      -7.432873948,      -7.258820662,      -11.48101497,           0.01575,     0.01649598467,        1.08127616,                 0,                 0,                 0,   -0.004880057854,     -0.1715162611,       1.067713643,                 0,       65.54783976,     0.03925368515
          0,           0,          24,      -7.908781268,      -7.372945255,      -7.471402677,      -7.298754775,      -11.50761199,           0.01575,     0.01648783858,       1.081361269,                 0,                 0,                 0,   -0.004877699615,     -0.1715390625,       1.067796045,                 0,        65.5853867,     0.03925368515
          0,           0,          25,      -7.946352523,      -7.408186905,      -7.507949048,      -7.336322024,      -11.53889571,           0.01575,     0.01647990288,       1.081425169,                 0,                 0,                 0,   -0.004878938795,     -0.1715579737,       1.067857596,                 0,       65.62084598,     0.03925368515
          0,           0,          26,      -7.981450872,      -7.438750834,      -7.542791853,      -7.371219317,       -11.5727431,           0.01575,     0.01647253857,       1.081471102,                 0,                 0,                 0,   -0.004882681496,     -0.1715732024,       1.067901552,                 0,        65.6529713,     0.03925368515
          0,           0,          27,       -8.01422148,      -7.466633367,      -7.576622708,      -7.403736746,      -11.60558136,           0.01575,      0.0164659933,       1.081502584,                 0,                 0,                 0,   -0.004887957227,      -0.171585115,       1.067931419,                 0,       65.68098042,     0.03925368515
          0,           0,          28,      -8.045495622,      -7.494670046,      -7.610290243,       -7.43488039,      -11.63356793,           0.01575,     0.01646044674,       1.081523236,                 0,                 0,                 0,   -0.004893882773,     -0.1715941634,       1.067950794,                 0,       65.70436712,     0.03925368515
          0,           0,          29,      -8.076688128,      -7.525412301,      -7.644581506,       -7.46616631,      -11.65311283,           0.01575,     0.01645619017,       1.081537155,                 0,                 0,                 0,   -0.004899366547,     -0.1716007723,       1.067963763,                 0,        65.7222081,     0.03925368515
          0,           0,          30,      -8.109357236,      -7.560440837,      -7.680065146,      -7.499145821,      -11.66158456,           0.01575,     0.01645308692,       1.081546904,                 0,                 0,                 0,    -0.00490408108,     -0.1716055215,       1.067972825,                 0,       65.73519665,     0.03925368515
          0,           0,          31,      -8.144977969,      -7.600174489,      -7.717120301,       -7.53518162,      -11.65818232,           0.01575,     0.01645091873,       1.081554826,                 0,                 0,                 0,   -0.004907850013,     -0.1716090324,        1.06798025,                 0,       65.74434197,     0.03925368515
          0,           0,          32,      -8.184469192,      -7.644066266,       -7.75597832,      -7.575050431,      -11.64422554,           0.01575,     0.01644959778,       1.081563379,                 0,                 0,                 0,    -0.00491033279,     -0.1716118184,       1.067988444,                 0,       65.75014134,     0.03925368515
          0,           0,          33,      -8.227984063,      -7.690886715,      -7.796710493,      -7.618796532,      -11.62257421,           0.01575,     0.01644899777,       1.081574293,                 0,                 0,                 0,   -0.004911370665,     -0.1716143045,       1.067999088,                 0,        65.7532032,     0.03925368515
          0,           0,          34,      -8.275098123,      -7.739133568,      -7.839335523,      -7.665940554,      -11.59662886,           0.01575,     0.01644896009,         1.0815887,                 0,                 0,                 0,   -0.004910947892,     -0.1716168434,        1.06801327,                 0,       65.75422972,     0.03925368515
          0,           0,          35,      -8.324918141,      -7.787504352,      -7.883829296,       -7.71560964,      -11.56950881,           0.01575,     0.01644932009,       1.081607263,                 0,                 0,                 0,   -0.004909145203,     -0.1716197123,       1.068031613,                 0,       65.75391913,     0.03925368515
          0,           0,          36,      -8.376299414,      -7.835302442,       -7.93010914,      -7.766759141,      -11.54365747,           0.01575,     0.01644991068,       1.081630161,                 0,                 0,                 0,   -0.004906141827,     -0.1716231067,       1.068054265,                 0,       65.75295038,     0.03925368515
          0,           0,          37,      -8.428150164,      -7.882601734,      -7.978010769,       -7.81845195,      -11.52079401,           0.01575,     0.01645059256,        1.08165705,                 0,                 0,                 0,   -0.004902188141,     -0.1716271045,       1.068080865,                 0,       65.75185949,     0.03925368515
          0,           0,          38,      -8.479708314,       -7.93010454,      -8.027267076,      -7.870084161,      -11.50204736,           0.01575,     0.01645127943,       1.081687184,                 0,                 0,                 0,   -0.004897552289,     -0.1716316607,        1.06811066,                 0,        65.7509459,     0.03925368515
          0,           0,          39,      -8.530758005,      -7.978777528,      -8.077525425,      -7.921536827,      -11.48812509,           0.01575,     0.01645186587,       1.081719475,                 0,                 0,                 0,    -0.00489256164,     -0.1716366906,       1.068142562,                 0,       65.75056493,     0.03925368515
          0,           0,          40,      -8.581763444,      -8.029438558,      -8.128412056,      -7.973256003,      -11.47942684,           0.01575,     0.01645228831,       1.081752844,                 0,                 0,                 0,   -0.004887508225,      -0.171642069,       1.068175498,                 0,       65.75090491,     0.03925368515
          0,           0,          41,      -8.633592223,       -8.08246081,      -8.179557397,      -8.025990845,      -11.47610972,           0.01575,     0.01645247153,       1.081786251,                 0,                 0,                 0,   -0.004882605809,     -0.1716476896,       1.068208429,                 0,       65.75220317,     0.03925368515
          0,           0,          42,      -8.687026463,      -8.137612071,      -8.230588747,      -8.080364772,      -11.47812074,           0.01575,     0.01645248167,       1.081819264,                 0,                 0,                 0,   -0.004877925847,     -0.1716534122,       1.068240942,                 0,        65.7541692,     0.03925368515
          0,           0,          43,      -8.742406394,      -8.194011725,      -8.281122621,      -8.136565015,      -11.48522215,           0.01575,     0.01645233251,       1.081851365,                 0,                 0,                 0,   -0.004873528867,     -0.1716591333,       1.068272529,                 0,       65.75671648,     0.03925368515
          0,           0,          44,      -8.799575949,      -8.250196142,      -8.330767948,      -8.194306943,      -11.49701711,           0.01575,     0.01645207315,       1.081882344,                 0,                 0,                 0,   -0.004869418706,     -0.1716647683,       1.068302993,                 0,       65.75963614,     0.03925368515
          0,           0,          45,      -8.857694408,      -8.304343704,      -8.379060393,       -8.25267307,      -11.51298578,           0.01575,     0.01645167198,       1.081911728,                 0,                 0,                 0,   -0.004865656846,     -0.1716702659,       1.068331861,                 0,       65.76302576,     0.03925368515
          0,           0,          46,      -8.915268569,      -8.354676397,      -8.425426329,      -8.310150903,      -11.53252362,           0.01575,     0.01645121451,       1.081939651,                 0,                 0,                 0,   -0.004862195269,     -0.1716755652,        1.06835928,                 0,       65.76655183,     0.03925368515
          0,           0,          47,      -8.970397134,      -8.399902142,      -8.469231939,      -8.364894119,      -11.55498083,           0.01575,     0.01645070848,       1.081966037,                 0,                 0,                 0,   -0.004859012194,     -0.1716806454,       1.068385178,                 0,       65.77017877,     0.03925368515
          0,           0,          48,      -9.021286113,      -8.439578017,      -8.509873008,      -8.415208707,      -11.57970581,           0.01575,     0.01645017514,       1.081990877,                 0,                 0,                 0,   -0.004856095863,     -0.1716854841,       1.068409548,                 0,       65.77382113,     0.03925368515
          0,           0,          49,      -9.066715642,       -8.47413674,      -8.546919947,      -8.459991596,       -11.6060753,           0.01575,     0.01644963093,       1.082014235,                 0,                 0,                 0,   -0.004853414284,     -0.1716900761,       1.068432456,                 0,       65.77741715,     0.03925368515
          0,           0,          50,      -9.106436959,      -8.504599929,      -8.580273459,      -8.499085099,      -11.63351134,           0.01575,     0.01644909007,       1.082036193,                 0,                 0,                 0,   -0.004850937673,     -0.1716944217,       1.068453987,                 0,       65.78091484,     0.03925368515
          0,           0,          51,      -9.141132106,      -8.532182631,      -8.610214766,      -8.533209136,      -11.66148649,           0.01575,     0.01644856454,        1.08205685,                 0,                 0,                 0,   -0.004848635479,     -0.1716985263,       1.068474238,                 0,        65.7842724,     0.03925368515
          0,           0,          52,      -9.172044515,      -8.557980416,      -8.637351558,      -8.563602119,      -11.68952142,           0.01575,     0.01644806405,       1.082076318,                 0,                 0,                 0,   -0.004846477148,     -0.1717023998,       1.068493324,                 0,       65.78745772,     0.03925368515
          0,           0,          53,      -9.200522157,      -8.582829579,      -8.662484634,      -8.591593558,      -11.71718307,           0.01575,     0.01644759605,       1.082094716,                 0,                 0,                 0,   -0.004844433609,     -0.1717060553,       1.068511361,                 0,       65.79044817,     0.03925368515
          0,           0,          54,      -9.227700016,      -8.607306839,      -8.686454824,      -8.618311931,      -11.74409067,           0.01575,     0.01644716555,        1.08211216,                 0,                 0,                 0,   -0.004842478709,     -0.1717095085,       1.068528465,                 0,       65.79323087,     0.03925368515
          0,           0,          55,       -9.25438101,      -8.631795433,      -8.710020667,       -8.64457551,      -11.76993201,           0.01575,     0.01644677506,       1.082128762,                 0,                 0,                 0,   -0.004840590437,      -0.171712776,       1.068544747,                 0,       65.79580242,     0.03925368515
          0,           0,          56,      -9.281060727,       -8.65655856,      -8.733787567,      -8.670912483,      -11.79448628,           0.01575,     0.01644642477,       1.082144621,                 0,                 0,                 0,   -0.004838751703,     -0.1717158748,       1.068560305,                 0,       65.79816807,     0.03925368515
          0,           0,          57,      -9.308012463,      -8.681790059,      -8.758183603,      -8.697634643,      -11.81764516,           0.01575,     0.01644611282,       1.082159822,                 0,                 0,                 0,   -0.004836950571,     -0.1717188217,       1.068575221,                 0,       65.80034043,     0.03925368515
          0,           0,          58,      -9.335373497,       -8.70763586,       -8.78346593,      -8.724911489,      -11.83942306,           0.01575,     0.01644583561,       1.082174435,                 0,                 0,                 0,   -0.004835179982,     -0.1717216322,       1.068589563,                 0,       65.80233808,     0.03925368515
          0,           0,          59,      -9.363203188,      -8.734193645,      -8.809743383,      -8.752820068,      -11.85995063,           0.01575,     0.01644558828,       1.082188514,                 0,                 0,                 0,   -0.004833437121,     -0.1717243205,       1.068603385,                 0,       65.80418382,     0.03925368515
          0,           0,          60,      -9.391520499,      -8.761502983,      -8.837005754,      -8.781378461,      -11.87945155,           0.01575,     0.01644536526,       1.082202099,                 0,                 0,                 0,   -0.004831722589,     -0.1717268991,       1.068616725,                 0,       65.80590225,     0.03925368515
          0,           0,          61,      -9.420326041,      -8.789536435,      -8.865155013,      -8.810567551,      -11.89820805,           0.01575,       0.016445161,       1.082215218,                 0,                 0,                 0,   -0.004830039459,     -0.1717293784,       1.068629609,                 0,       65.80751733,     0.03925368515
          0,           0,          62,       -9.44960554,      -8.818197155,      -8.894031794,      -8.840337912,      -11.91652349,           0.01575,     0.01644497038,       1.082227888,                 0,                 0,                 0,   -0.004828392313,     -0.1717317662,       1.068642053,                 0,       65.80905058,     0.03925368515
          0,           0,          63,      -9.479315942,      -8.847325174,      -8.923436099,      -8.870602769,      -11.93468911,           0.01575,     0.01644478906,       1.082240118,                 0,                 0,                 0,   -0.004826786346,     -0.1717340685,       1.068654066,                 0,        65.8105199,     0.03925368515
          0,           0,          64,      -9.509368986,      -8.876711394,      -8.953145256,      -8.901228641,      -11.95295957,           0.01575,     0.01644461363,       1.082251913,                 0,                 0,                 0,   -0.004825226646,     -0.1717362894,       1.068665651,                 0,       65.81193923,     0.03925368515
          0,           0,          65,      -9.539624274,      -8.906117962,      -8.982930563,      -8.932033954,      -11.97153842,           0.01575,     0.01644444162,       1.082263273,                 0,                 0,                 0,   -0.004823717666,     -0.1717384315,       1.068676809,                 0,       65.81331844,     0.03925368515
          0,           0,          66,       -9.56989622,      -8.935301483,      -9.012572789,      -8.962799486,      -11.99057258,           0.01575,     0.01644427151,         1.0822742,                 0,                 0,                 0,   -0.004822262887,     -0.1717404965,       1.068687541,                 0,       65.81466374,     0.03925368515
          0,           0,          67,       -9.59996956,      -8.964036001,      -9.041875886,      -8.993285819,      -12.01015345,           0.01575,     0.01644410254,       1.082284695,                 0,                 0,                 0,   -0.004820864648,     -0.1717424853,       1.068697847,                 0,       65.81597824,     0.03925368515
          0,           0,          68,      -9.629620645,      -8.992131993,      -9.070676663,      -9.023255311,      -12.03032256,           0.01575,     0.01644393456,        1.08229476,                 0,                 0,                 0,   -0.004819524129,     -0.1717443985,        1.06870773,                 0,       65.81726266,     0.03925368515
          0,           0,          69,      -9.658642846,      -9.019449683,      -9.098851376,      -9.052496563,      -12.05107954,           0.01575,     0.01644376787,       1.082304401,                 0,                 0,                 0,   -0.004818241445,     -0.1717462368,       1.068717195,                 0,       65.81851611,     0.03925368515
          0,           0,          70,      -9.686869338,      -9.045905143,       -9.12631856,      -9.080845709,       -12.0723912,           0.01575,     0.01644360305,       1.082313624,                 0,                 0,                 0,   -0.004817015806,     -0.1717480007,        1.06872625,                 0,       65.81973674,     0.03925368515
          0,           0,          71,      -9.714189591,      -9.071470004,      -9.153038743,      -9.108200951,      -12.09420062,           0.01575,     0.01644344079,        1.08232244,                 0,                 0,                 0,   -0.004815845722,     -0.1717496914,       1.068734904,                 0,       65.82092237,     0.03925368515
          0,           0,          72,      -9.740559925,      -9.096165722,       -9.17901143,      -9.134530207,      -12.11643579,           0.01575,     0.01644328179,       1.082330859,                 0,                 0,                 0,   -0.004814729195,       -0.17175131,       1.068743168,                 0,       65.82207088,     0.03925368515
          0,           0,          73,      -9.766003598,       -9.12005445,      -9.204270743,      -9.159869223,      -12.13901715,           0.01575,     0.01644312669,       1.082338896,                 0,                 0,                 0,   -0.004813663901,     -0.1717528582,       1.068751055,                 0,       65.82318048,     0.03925368515
          0,           0,          74,      -9.790599305,      -9.143228061,      -9.228878882,      -9.184308956,      -12.16186406,           0.01575,     0.01644297602,       1.082346563,                 0,                 0,                 0,   -0.004812647342,      -0.171754338,       1.068758579,                 0,        65.8242499,     0.03925368515
          0,           0,          75,      -9.814468474,      -9.165797093,      -9.252918865,      -9.207981291,      -12.18489981,           0.01575,      0.0164428302,       1.082353876,                 0,                 0,                 0,   -0.004811676975,     -0.1717557515,       1.068765756,                 0,       65.82527841,     0.03925368515
          0,           0,          76,      -9.837753759,      -9.187879795,      -9.276487302,      -9.231038225,      -12.20805526,           0.01575,     0.01644268949,        1.08236085,                 0,                 0,                 0,   -0.004810750312,     -0.1717571011,         1.0687726,                 0,       65.82626586,     0.03925368515
          0,           0,          77,      -9.860607017,      -9.209592878,      -9.299686233,      -9.253638662,      -12.23127124,           0.01575,     0.01644255404,         1.0823675,                 0,                 0,                 0,    -0.00480986499,     -0.1717583893,       1.068779125,                 0,        65.8272126,     0.03925368515
          0,           0,          78,       -9.88317052,      -9.231044071,      -9.322616213,      -9.275930842,      -12.25449978,           0.01575,     0.01644242386,       1.082373842,                 0,                 0,                 0,   -0.004809018825,     -0.1717596187,       1.068785348,                 0,       65.82811943,     0.03925368515
          0,           0,          79,      -9.905571612,      -9.252325967,      -9.345369712,      -9.298046348,      -12.27770482,           0.01575,      0.0164422989,       1.082379889,                 0,                 0,                 0,   -0.004808209831,     -0.1717607918,       1.068791281,                 0,        65.8289875,     0.03925368515
          0,           0,          80,      -9.927913554,      -9.273512826,      -9.368026848,      -9.320091405,      -12.30086161,           0.01575,     0.01644217901,       1.082385655,                 0,                 0,                 0,   -0.004807436237,     -0.1717619112,        1.06879694,                 0,       65.82981822,     0.03925368515
          0,           0,          81,      -9.950275816,      -9.294659139,      -9.390651119,      -9.342146858,      -12.32395587,           0.01575,     0.01644206398,       1.082391154,                 0,                 0,                 0,   -0.004806696468,     -0.1717629793,       1.068802335,                 0,       65.83061319,     0.03925368515
          0,           0,          82,      -9.972712091,      -9.315798966,      -9.413287821,       -9.36426686,      -12.34698254,           0.01575,     0.01644195358,       1.082396397,                 0,                 0,                 0,   -0.004805989141,     -0.1717639985,       1.068807479,                 0,        65.8313741,     0.03925368515
          0,           0,          83,      -9.995254279,      -9.336948827,      -9.435963977,      -9.386481985,      -12.36994439,           0.01575,     0.01644184755,       1.082401396,                 0,                 0,                 0,   -0.004805313019,      -0.171764971,       1.068812384,                 0,       65.83210268,     0.03925368515
          0,           0,          84,      -10.01791226,      -9.358109584,      -9.458688669,      -9.408800571,       -12.3928504,           0.01575,     0.01644174562,       1.082406161,                 0,                 0,                 0,   -0.004804666996,     -0.1717658988,       1.068817058,                 0,       65.83280059,     0.03925368515
          0,           0,          85,      -10.04068279,      -9.379269627,      -9.481456032,      -9.431216172,      -12.41571491,           0.01575,     0.01644164755,       1.082410702,                 0,                 0,                 0,   -0.004804050069,     -0.1717667839,       1.068821513,                 0,       65.83346948,     0.03925368515
          0,           0,          86,      -10.06354783,      -9.400408733,      -9.504247784,      -9.453707408,      -12.43855692,           0.01575,     0.01644155308,       1.082415028,                 0,                 0,                 0,    -0.00480346131,     -0.1717676282,       1.068825758,                 0,       65.83411088,     0.03925368515
          0,           0,          87,      -10.08648248,      -9.421500065,      -9.527036208,      -9.476245863,      -12.46139887,           0.01575,     0.01644146199,       1.082419149,                 0,                 0,                 0,   -0.004802899838,     -0.1717684334,       1.068829799,                 0,        65.8347262,     0.03925368515
          0,           0,          88,      -10.10945503,        -9.4425142,      -9.549787582,      -9.498795964,      -12.48426472,           0.01575,      0.0164413741,       1.082423071,                 0,                 0,                 0,   -0.004802364791,      -0.171769201,       1.068833647,                 0,       65.83531671,     0.03925368515
          0,           0,          89,      -10.13242905,      -9.463420587,      -9.572465106,      -9.521318393,      -12.50717768,           0.01575,     0.01644128922,       1.082426803,                 0,                 0,                 0,   -0.004801855319,     -0.1717699327,       1.068837308,                 0,       65.83588357,     0.03925368515
          0,           0,          90,      -10.15536834,      -9.484189701,      -9.595031853,       -9.54377408,      -12.53015806,           0.01575,     0.01644120723,       1.082430353,                 0,                 0,                 0,   -0.004801370559,     -0.1717706299,       1.068840789,                 0,       65.83642779,     0.03925368515
          0,           0,          91,      -10.17823694,      -9.504794054,      -9.617451659,      -9.566125172,      -12.55322169,           0.01575,     0.01644112802,       1.082433728,                 0,                 0,                 0,    -0.00480090964,     -0.1717712939,       1.068844099,                 0,       65.83695026,     0.03925368515
          0,           0,          92,      -10.20100082,      -9.525209293,      -9.639692189,      -9.588335808,      -12.57637907,           0.01575,     0.01644105148,       1.082436934,                 0,                 0,                 0,   -0.004800471673,     -0.1717719261,       1.068847244,                 0,       65.83745178,     0.03925368515
          0,           0,          93,      -10.22362704,      -9.545414266,      -9.661723502,      -9.610372788,      -12.59963532,           0.01575,     0.01644097756,        1.08243998,                 0,                 0,                 0,   -0.004800055761,     -0.1717725278,        1.06885023,                 0,       65.83793307,     0.03925368515
          0,           0,          94,      -10.24608823,      -9.565390722,      -9.683519841,      -9.632208048,       -12.6229907,           0.01575,     0.01644090618,       1.082442872,                 0,                 0,                 0,   -0.004799660996,     -0.1717731002,       1.068853066,                 0,       65.83839479,     0.03925368515
          0,           0,          95,      -10.26836134,      -9.585123875,      -9.705058902,      -9.653818102,      -12.64644139,           0.01575,      0.0164408373,       1.082445616,                 0,                 0,                 0,   -0.004799286471,     -0.1717736446,       1.068855756,                 0,       65.83883755,     0.03925368515
          0,           0,          96,       -10.2904247,       -9.60460058,       -9.72632113,      -9.675181554,      -12.66998048,           0.01575,     0.01644077087,        1.08244822,                 0,                 0,                 0,   -0.004798931283,     -0.1717741621,       1.068858309,                 0,       65.83926195,     0.03925368515
          0,           0,          97,      -10.31226112,      -9.623811136,      -9.747288841,       -9.69628082,      -12.69359889,           0.01575,     0.01644070683,       1.082450689,                 0,                 0,                 0,   -0.004798594541,      -0.171774654,       1.068860729,                 0,       65.83966855,     0.03925368515
          0,           0,          98,      -10.33385657,      -9.642746393,      -9.767947164,      -9.717102048,      -12.71728619,           0.01575,     0.01644064516,        1.08245303,                 0,                 0,                 0,   -0.004798275374,     -0.1717751212,       1.068863024,                 0,       65.84005793,     0.03925368515
          0,           0,          99,      -10.35520006,      -9.661400263,      -9.788282013,      -9.737633408,      -12.74103135,           0.01575,     0.01644058579,       1.082455248,                 0,                 0,                 0,   -0.004797972932,     -0.1717755649,       1.068865199,                 0,       65.84043064,     0.03925368515
          0,           0,         100,      -10.37627897,      -9.679766984,      -9.808281155,      -9.757862554,      -12.76482344,           0.01575,     0.01644052867,       1.082457351,                 0,                 0,                 0,   -0.004797686399,     -0.1717759863,       1.068867259,                 0,       65.84078726,     0.03925368515
          0,           0,         101,      -10.39708397,      -9.697843865,      -9.827932119,      -9.777780451,      -12.78865212,           0.01575,     0.01644047375,       1.082459343,                 0,                 0,                 0,   -0.004797414988,     -0.1717763862,       1.068869211,                 0,       65.84112837,     0.03925368515
          0,           0,         102,      -10.41760777,      -9.715628898,      -9.847225934,      -9.797379418,      -12.81250821,           0.01575,     0.01644042096,       1.082461229,                 0,                 0,                 0,   -0.004797157947,     -0.1717767658,        1.06887106,                 0,       65.84145453,     0.03925368515
          0,           0,         103,      -10.43784301,      -9.733122689,      -9.866154434,       -9.81665292,      -12.83638397,           0.01575,     0.01644037024,       1.082463016,                 0,                 0,                 0,    -0.00479691456,      -0.171777126,       1.068872811,                 0,       65.84176634,     0.03925368515
          0,           0,         104,      -10.45778257,      -9.750327799,      -9.884710465,      -9.835595049,      -12.86027332,           0.01575,     0.01644032152,       1.082464707,                 0,                 0,                 0,   -0.004796684149,     -0.1717774677,       1.068874468,                 0,       65.84206435,     0.03925368515
          0,           0,         105,      -10.47742124,      -9.767248144,      -9.902891316,      -9.854201514,      -12.88417193,           0.01575,     0.01644027473,       1.082466308,                 0,                 0,                 0,   -0.004796466068,     -0.1717777918,       1.068876037,                 0,       65.84234913,     0.03925368515
          0,           0,         106,      -10.49675613,      -9.783890647,      -9.920694693,      -9.872471795,      -12.90807708,           0.01575,     0.01644022979,       1.082467824,                 0,                 0,                 0,   -0.004796259705,     -0.1717780992,       1.068877521,                 0,       65.84262125,     0.03925368515
          0,           0,         107,      -10.51578548,      -9.800262881,      -9.938121496,      -9.890406388,      -12.93198749,           0.01575,     0.01644018665,       1.082469257,                 0,                 0,                 0,    -0.00479606448,     -0.1717783906,       1.068878926,                 0,       65.84288125,     0.03925368515
          0,           0,         108,      -10.53451048,      -9.816374315,      -9.955175749,      -9.908008703,      -12.95590301,           0.01575,     0.01644014523,       1.082470614,                 0,                 0,                 0,   -0.004795879843,      -0.171778667,       1.068880254,                 0,       65.84312964,     0.03925368515
          0,           0,         109,      -10.55293215,      -9.832235352,      -9.971865118,      -9.925282998,      -12.97982425,           0.01575,     0.01644010546,       1.082471896,                 0,                 0,                 0,   -0.004795705268,     -0.1717789289,        1.06888151,                 0,       65.84336693,     0.03925368515
          0,           0,         110,       -10.5710533,      -9.847857496,      -9.988195354,       -9.94223445,      -13.00375222,           0.01575,     0.01644006728,       1.082473109,                 0,                 0,                 0,   -0.004795540259,     -0.1717791771,       1.068882698,                 0,       65.84359362,     0.03925368515
          0,           0,         111,      -10.58888401,      -9.863251979,      -10.00418088,      -9.958875921,      -13.02768801,           0.01575,     0.01644003063,       1.082474256,                 0,                 0,                 0,   -0.004795384339,     -0.1717794122,       1.068883821,                 0,       65.84381015,     0.03925368515
          0,           0,         112,      -10.60642366,        -9.8784309,       -10.0198312,      -9.975210651,      -13.05163242,           0.01575,     0.01643999544,       1.082475339,                 0,                 0,                 0,   -0.004795237055,     -0.1717796351,       1.068884882,                 0,       65.84401698,     0.03925368515
          0,           0,         113,      -10.62368324,      -9.893405425,      -10.03516133,      -9.991251738,      -13.07558574,           0.01575,     0.01643996167,       1.082476363,                 0,                 0,                 0,   -0.004795097973,     -0.1717798461,       1.068885884,                 0,       65.84421453,     0.03925368515
          0,           0,         114,      -10.64067084,      -9.908186756,       -10.0501854,      -10.00701046,      -13.09954752,           0.01575,     0.01643992925,        1.08247733,                 0,                 0,                 0,   -0.004794966678,     -0.1717800459,       1.068886831,                 0,        65.8444032,     0.03925368515
          0,           0,         115,      -10.65739571,      -9.922786461,       -10.0649186,      -10.02249752,      -13.12351653,           0.01575,     0.01643989813,       1.082478243,                 0,                 0,                 0,   -0.004794842773,     -0.1717802352,       1.068887725,                 0,       65.84458337,     0.03925368515
          0,           0,         116,      -10.67386185,      -9.937214494,       -10.0793768,       -10.0377208,      -13.14749062,           0.01575,     0.01643986827,       1.082479105,                 0,                 0,                 0,   -0.004794725879,     -0.1717804143,       1.068888569,                 0,       65.84475541,     0.03925368515
          0,           0,         117,      -10.69008337,      -9.951480559,      -10.09357504,      -10.05269599,       -13.1714668,           0.01575,     0.01643983962,       1.082479919,                 0,                 0,                 0,   -0.004794615632,     -0.1717805838,       1.068889365,                 0,       65.84491967,     0.03925368515
          0,           0,         118,      -10.70605879,      -9.965595021,      -10.10752954,      -10.06742421,      -13.19544125,           0.01575,     0.01643981213,       1.082480687,                 0,                 0,                 0,   -0.004794511687,     -0.1717807442,       1.068890116,                 0,       65.84507649,     0.03925368515
          0,           0,         119,      -10.72180927,      -9.979566612,      -10.12125395,      -10.08192782,      -13.21940942,           0.01575,     0.01643978575,       1.082481411,                 0,                 0,                 0,   -0.004794413711,      -0.171780896,       1.068890825,                 0,       65.84522619,     0.03925368515
          0,           0,         120,       -10.7373355,      -9.993403867,      -10.13476646,      -10.09621031,      -13.24336619,           0.01575,     0.01643976045,       1.082482095,                 0,                 0,                 0,   -0.004794321389,     -0.1717810395,       1.068891494,                 0,       65.84536908,     0.03925368515
          0,           0,         121,      -10.75264582,      -10.00711728,      -10.14807947,      -10.11028126,      -13.26730592,           0.01575,     0.01643973619,       1.082482739,                 0,                 0,                 0,    -0.00479423442,     -0.1717811753,       1.068892124,                 0,       65.84550545,     0.03925368515
          0,           0,         122,      -10.76775548,      -10.02071339,      -10.16121006,      -10.12415646,      -13.29122265,           0.01575,     0.01643971292,       1.082483346,                 0,                 0,                 0,   -0.004794152516,     -0.1717813036,       1.068892718,                 0,       65.84563558,     0.03925368515
          0,           0,         123,      -10.78266847,      -10.03420293,      -10.17416901,      -10.13784312,      -13.31511017,           0.01575,     0.01643969061,       1.082483918,                 0,                 0,                 0,   -0.004794075406,      -0.171781425,       1.068893278,                 0,       65.84575976,     0.03925368515
          0,           0,         124,      -10.79739732,      -10.04759388,      -10.18697476,      -10.15135336,      -13.33896216,           0.01575,     0.01643966921,       1.082484457,                 0,                 0,                 0,    -0.00479400283,     -0.1717815397,       1.068893805,                 0,       65.84587825,     0.03925368515
          0,           0,         125,       -10.8119479,      -10.06089505,      -10.19963736,      -10.16469567,      -13.36277228,           0.01575,      0.0164396487,       1.082484965,                 0,                 0,                 0,   -0.004793934543,     -0.1717816481,       1.068894301,                 0,       65.84599129,     0.03925368515
          0,           0,         126,      -10.82634233,      -10.07411531,      -10.21217454,      -10.17789063,       -13.3865342,           0.01575,     0.01643962904,       1.082485444,                 0,                 0,                 0,   -0.004793870311,     -0.1717817505,       1.068894769,                 0,       65.84609914,     0.03925368515
          0,           0,         127,      -10.84058065,      -10.08726313,      -10.22459706,      -10.19094138,      -13.41024172,           0.01575,     0.01643961019,       1.082485894,                 0,                 0,                 0,   -0.004793809912,     -0.1717818472,       1.068895209,                 0,       65.84620202,     0.03925368515
          0,           0,         128,      -10.85468037,      -10.10034803,      -10.23691775,      -10.20386354,      -13.43388872,           0.01575,     0.01643959212,       1.082486318,                 0,                 0,                 0,   -0.004793753136,     -0.1717819386,       1.068895623,                 0,       65.84630017,     0.03925368515
          0,           0,         129,       -10.8686537,      -10.11337768,      -10.24914955,      -10.21667067,      -13.45746921,           0.01575,     0.01643957481,       1.082486716,                 0,                 0,                 0,   -0.004793699784,     -0.1717820249,       1.068896013,                 0,       65.84639378,     0.03925368515
          0,           0,         130,      -10.88250954,        -10.126361,       -10.2613071,      -10.22937276,      -13.48097732,           0.01575,     0.01643955821,       1.082487091,                 0,                 0,                 0,   -0.004793649668,     -0.1717821064,       1.068896379,                 0,       65.84648308,     0.03925368515
          0,           0,         131,      -10.89626444,      -10.13930602,      -10.27340065,      -10.24198465,      -13.50440724,           0.01575,      0.0164395423,       1.082487444,                 0,                 0,                 0,   -0.004793602609,     -0.1717821833,       1.068896724,                 0,       65.84656825,     0.03925368515
          0,           0,         132,      -10.90992494,      -10.15222007,      -10.28544018,      -10.25451455,      -13.52775322,           0.01575,     0.01643952705,       1.082487776,                 0,                 0,                 0,   -0.004793558437,     -0.1717822559,       1.068897048,                 0,       65.84664949,     0.03925368515
          0,           0,         133,      -10.92350535,       -10.1651107,      -10.29744026,      -10.26697552,      -13.55100948,           0.01575,     0.01643951244,       1.082488087,                 0,                 0,                 0,   -0.004793516991,     -0.1717823244,       1.068897352,                 0,       65.84672697,     0.03925368515
          0,           0,         134,       -10.9370128,      -10.17798539,      -10.30940696,      -10.27937612,      -13.57417024,           0.01575,     0.01643949844,        1.08248838,                 0,                 0,                 0,   -0.004793478119,      -0.171782389,       1.068897638,                 0,       65.84680086,     0.03925368515
          0,           0,         135,      -10.95045494,      -10.19085063,      -10.32135172,      -10.29172428,      -13.59722959,           0.01575,     0.01643948502,       1.082488655,                 0,                 0,                 0,   -0.004793441677,       -0.17178245,       1.068897907,                 0,       65.84687133,     0.03925368515
          0,           0,         136,       -10.9638536,      -10.20371161,      -10.33328332,      -10.30403876,      -13.62018156,           0.01575,     0.01643947216,       1.082488913,                 0,                 0,                 0,   -0.004793407527,     -0.1717825075,       1.068898159,                 0,       65.84693853,     0.03925368515
          0,           0,         137,      -10.97720388,      -10.21657489,      -10.34521005,      -10.31631773,         -13.64302,           0.01575,     0.01643945984,       1.082489155,                 0,                 0,                 0,   -0.004793375539,     -0.1717825617,       1.068898395,                 0,       65.84700261,     0.03925368515
          0,           0,         138,      -10.99052278,      -10.22944487,      -10.35714094,      -10.32857648,      -13.66573866,           0.01575,     0.01643944804,       1.082489383,                 0,                 0,                 0,    -0.00479334559,     -0.1717826127,       1.068898617,                 0,       65.84706372,     0.03925368515
          0,           0,         139,      -11.00380704,      -10.24232716,      -10.36907984,      -10.34081491,      -13.68833116,           0.01575,     0.01643943673,       1.082489596,                 0,                 0,                 0,   -0.004793317564,     -0.1717826609,       1.068898825,                 0,       65.84712198,     0.03925368515
          0,           0,         140,      -11.01706624,      -10.25522523,      -10.38103387,      -10.35304031,      -13.71079102,           0.01575,      0.0164394259,       1.082489796,                 0,                 0,                 0,   -0.004793291348,     -0.1717827063,        1.06889902,                 0,       65.84717753,     0.03925368515
          0,           0,         141,      -11.03031175,      -10.26814293,      -10.39301061,      -10.36526534,      -13.73311169,           0.01575,     0.01643941552,       1.082489983,                 0,                 0,                 0,    -0.00479326684,      -0.171782749,       1.068899202,                 0,       65.84723048,     0.03925368515
          0,           0,         142,      -11.04354388,      -10.28108546,      -10.40501388,      -10.37749036,      -13.75528663,           0.01575,     0.01643940558,       1.082490158,                 0,                 0,                 0,   -0.004793243938,     -0.1717827892,       1.068899373,                 0,       65.84728096,     0.03925368515
          0,           0,         143,       -11.0567665,      -10.29405362,      -10.41704818,      -10.38972073,      -13.77730929,           0.01575,     0.01643939606,       1.082490322,                 0,                 0,                 0,   -0.004793222549,     -0.1717828271,       1.068899533,                 0,       65.84732908,     0.03925368515
          0,           0,         144,      -11.06998395,      -10.30705315,      -10.42911608,      -10.40195998,      -13.79917324,           0.01575,     0.01643938694,       1.082490476,                 0,                 0,                 0,   -0.004793202584,     -0.1717828628,       1.068899683,                 0,       65.84737495,     0.03925368515
          0,           0,         145,      -11.08319255,      -10.32008452,      -10.44122554,      -10.41420907,      -13.82087213,           0.01575,     0.01643937822,        1.08249062,                 0,                 0,                 0,   -0.004793183957,     -0.1717828964,       1.068899823,                 0,       65.84741866,     0.03925368515
          0,           0,         146,      -11.09640688,      -10.33315148,      -10.45337644,      -10.42648153,       -13.8423998,           0.01575,     0.01643936986,       1.082490754,                 0,                 0,                 0,    -0.00479316659,     -0.1717829279,       1.068899954,                 0,       65.84746031,     0.03925368515
          0,           0,         147,      -11.10961659,       -10.3462553,      -10.46557356,      -10.43876807,      -13.86375028,           0.01575,     0.01643936186,        1.08249088,                 0,                 0,                 0,   -0.004793150406,     -0.1717829576,       1.068900076,                 0,           65.8475,     0.03925368515
          0,           0,         148,      -11.12283134,      -10.35939852,      -10.47781861,      -10.45107977,      -13.88491785,           0.01575,      0.0164393542,       1.082490997,                 0,                 0,                 0,   -0.004793135334,     -0.1717829855,       1.068900191,                 0,       65.84753782,     0.03925368515
          0,           0,         149,      -11.13604779,      -10.37258394,      -10.49011308,      -10.46341586,      -13.90589703,           0.01575,     0.01643934687,       1.082491107,                 0,                 0,                 0,   -0.004793121307,     -0.1717830118,       1.068900297,                 0,       65.84757385,     0.03925368515
          0,           0,         150,      -11.14926966,      -10.38581371,      -10.50245899,      -10.47577806,      -13.92668261,           0.01575,     0.01643933985,       1.082491209,                 0,                 0,                 0,   -0.004793108261,     -0.1717830365,       1.068900397,                 0,       65.84760817,     0.03925368515
          0,           0,         151,      -11.16248583,       -10.3990858,      -10.51486329,       -10.4881674,      -13.94726967,           0.01575,     0.01643933314,       1.082491305,                 0,                 0,                 0,   -0.004793096135,     -0.1717830596,       1.068900489,                 0,       65.84764087,     0.03925368515
          0,           0,         152,      -11.17570137,      -10.41240588,      -10.52732243,      -10.50058179,      -13.96765361,           0.01575,     0.01643932671,       1.082491393,                 0,                 0,                 0,   -0.004793084873,     -0.1717830814,       1.068900576,                 0,         65.847672,     0.03925368515
          0,           0,         153,      -11.18893544,      -10.42577327,      -10.53983869,      -10.51304325,      -13.98783013,           0.01575,     0.01643932057,       1.082491476,                 0,                 0,                 0,    -0.00479307442,     -0.1717831018,       1.068900656,                 0,       65.84770165,     0.03925368515
          0,           0,         154,      -11.20214795,      -10.43918898,      -10.55241434,      -10.52552343,      -14.00779524,           0.01575,     0.01643931469,       1.082491553,                 0,                 0,                 0,   -0.004793064728,      -0.171783121,       1.068900731,                 0,       65.84772989,     0.03925368515
          0,           0,         155,      -11.21535856,      -10.45265476,      -10.56505268,      -10.53803522,      -14.02754528,           0.01575,     0.01643930907,       1.082491625,                 0,                 0,                 0,   -0.004793055747,      -0.171783139,       1.068900801,                 0,       65.84775677,     0.03925368515
          0,           0,         156,      -11.22857133,      -10.46617179,      -10.57775094,      -10.55059085,      -14.04707692,           0.01575,     0.01643930369,       1.082491692,                 0,                 0,                 0,   -0.004793047432,     -0.1717831559,       1.068900866,                 0,       65.84778237,     0.03925368515
          0,           0,         157,      -11.24176752,      -10.47973963,      -10.59051033,      -10.56317212,      -14.06638718,           0.01575,     0.01643929855,       1.082491754,                 0,                 0,                 0,   -0.004793039742,     -0.1717831717,       1.068900926,                 0,       65.84780673,     0.03925368515
          0,           0,         158,      -11.25494839,      -10.49335912,      -10.60333414,      -10.57578851,       -14.0854734,           0.01575,     0.01643929364,       1.082491811,                 0,                 0,                 0,   -0.004793032637,     -0.1717831866,       1.068900982,                 0,       65.84782992,     0.03925368515
          0,           0,         159,      -11.26811997,        -10.507032,      -10.61622004,      -10.58844562,       -14.1043333,           0.01575,     0.01643928894,       1.082491865,                 0,                 0,                 0,   -0.004793026078,     -0.1717832005,       1.068901034,                 0,         65.847852,     0.03925368515
          0,           0,         160,      -11.28125468,      -10.52075677,      -10.62917032,      -10.60112687,      -14.12296495,           0.01575,     0.01643928444,       1.082491914,                 0,                 0,                 0,   -0.004793020031,     -0.1717832135,       1.068901082,                 0,       65.84787301,     0.03925368515
          0,           0,         161,      -11.29438167,      -10.53453401,      -10.64218662,      -10.61385166,      -14.14136676,           0.01575,     0.01643928015,        1.08249196,                 0,                 0,                 0,   -0.004793014462,     -0.1717832257,       1.068901126,                 0,       65.84789301,     0.03925368515
          0,           0,         162,      -11.30745252,      -10.54836548,       -10.6552659,      -10.62659883,      -14.15953752,           0.01575,     0.01643927604,       1.082492003,                 0,                 0,                 0,   -0.004793009341,     -0.1717832371,       1.068901167,                 0,       65.84791204,     0.03925368515
          0,           0,         163,      -11.32049119,      -10.56224911,      -10.66840592,       -10.6393806,      -14.17747639,           0.01575,     0.01643927211,       1.082492042,                 0,                 0,                 0,   -0.004793004637,     -0.1717832478,       1.068901205,                 0,       65.84793015,     0.03925368515
          0,           0,         164,       -11.3334872,       -10.5761856,      -10.68161343,      -10.65219336,      -14.19518288,           0.01575,     0.01643926836,       1.082492078,                 0,                 0,                 0,   -0.004793000324,     -0.1717832577,        1.06890124,                 0,       65.84794738,     0.03925368515
          0,           0,         165,       -11.3464275,       -10.5901739,      -10.69488475,      -10.66503708,      -14.21265688,           0.01575,     0.01643926477,       1.082492111,                 0,                 0,                 0,   -0.004792996375,     -0.1717832671,       1.068901272,                 0,       65.84796379,     0.03925368515
          0,           0,         166,      -11.35929981,      -10.60421512,      -10.70821948,      -10.67789992,      -14.22989866,           0.01575,     0.01643926134,       1.082492142,                 0,                 0,                 0,   -0.004792992767,     -0.1717832758,       1.068901302,                 0,        65.8479794,     0.03925368515
          0,           0,         167,      -11.37210109,      -10.61830513,      -10.72161691,      -10.69079106,      -14.24690884,           0.01575,     0.01643925806,        1.08249217,                 0,                 0,                 0,   -0.004792989477,      -0.171783284,       1.068901329,                 0,       65.84799427,     0.03925368515
          0,           0,         168,      -11.38484397,      -10.63244894,      -10.73507356,      -10.70371521,      -14.26368842,           0.01575,     0.01643925492,       1.082492196,                 0,                 0,                 0,   -0.004792986482,     -0.1717832916,       1.068901354,                 0,       65.84800842,     0.03925368515
          0,           0,         169,      -11.39748511,      -10.64664258,      -10.74859435,      -10.71665411,      -14.28023877,           0.01575,     0.01643925192,        1.08249222,                 0,                 0,                 0,   -0.004792983765,     -0.1717832987,       1.068901377,                 0,       65.84802189,     0.03925368515
          0,           0,         170,      -11.41003093,       -10.6608822,      -10.76218035,      -10.72960933,      -14.29656166,           0.01575,     0.01643924905,       1.082492242,                 0,                 0,                 0,   -0.004792981306,     -0.1717833053,       1.068901398,                 0,       65.84803472,     0.03925368515
          0,           0,         171,      -11.42248141,      -10.67517172,      -10.77582481,      -10.74258745,      -14.31265921,           0.01575,      0.0164392463,       1.082492262,                 0,                 0,                 0,   -0.004792979088,     -0.1717833115,       1.068901418,                 0,       65.84804694,     0.03925368515
          0,           0,         172,      -11.43480841,      -10.68950587,      -10.78952665,       -10.7555726,      -14.32853392,           0.01575,     0.01643924367,        1.08249228,                 0,                 0,                 0,   -0.004792977095,     -0.1717833172,       1.068901435,                 0,       65.84805858,     0.03925368515
          0,           0,         173,      -11.44702357,      -10.70388716,      -10.80328395,      -10.76857925,      -14.34418865,           0.01575,     0.01643924116,       1.082492297,                 0,                 0,                 0,   -0.004792975313,     -0.1717833226,       1.068901451,                 0,       65.84806967,     0.03925368515
          0,           0,         174,      -11.45908835,      -10.71831148,       -10.8171056,      -10.78157743,      -14.35962661,           0.01575,     0.01643923874,       1.082492312,                 0,                 0,                 0,   -0.004792973728,     -0.1717833276,       1.068901465,                 0,       65.84808025,     0.03925368515
          0,           0,         175,      -11.47102984,      -10.73277619,      -10.83097837,      -10.79459173,      -14.37485131,           0.01575,     0.01643923643,       1.082492326,                 0,                 0,                 0,    -0.00479297233,     -0.1717833322,       1.068901478,                 0,       65.84809034,     0.03925368515
          0,           0,         176,      -11.48284723,        -10.747283,      -10.84490951,       -10.8076264,      -14.38986655,           0.01575,     0.01643923422,       1.082492338,                 0,                 0,                 0,   -0.004792971107,     -0.1717833365,        1.06890149,                 0,       65.84809996,     0.03925368515
          0,           0,         177,      -11.49446631,      -10.76182843,      -10.85889489,      -10.82064323,       -14.4046764,           0.01575,     0.01643923209,       1.082492349,                 0,                 0,                 0,    -0.00479297005,     -0.1717833405,       1.068901501,                 0,       65.84810916,     0.03925368515
          0,           0,         178,      -11.50593697,      -10.77640863,      -10.87293695,      -10.83365487,      -14.41928506,           0.01575,     0.01643923004,       1.082492359,                 0,                 0,                 0,   -0.004792969147,     -0.1717833442,        1.06890151,                 0,       65.84811794,     0.03925368515
          0,           0,         179,      -11.51724096,      -10.79102819,      -10.88702299,      -10.84667268,      -14.43369694,           0.01575,     0.01643922808,       1.082492368,                 0,                 0,                 0,   -0.004792968387,     -0.1717833477,       1.068901518,                 0,       65.84812633,     0.03925368515
          0,           0,         180,      -11.52836345,      -10.80568034,      -10.90116953,       -10.8596771,      -14.44791656,           0.01575,      0.0164392262,       1.082492375,                 0,                 0,                 0,   -0.004792967754,     -0.1717833509,       1.068901525,                 0,       65.84813435,     0.03925368515
          0,           0,         181,      -11.53927204,      -10.82036877,      -10.91536562,      -10.87265291,       -14.4619487,           0.01575,     0.01643922439,       1.082492382,                 0,                 0,                 0,   -0.004792967233,     -0.1717833539,       1.068901532,                 0,         65.848142,     0.03925368515
          0,           0,         182,      -11.55000489,      -10.83509362,      -10.92962017,      -10.88562513,      -14.47579857,           0.01575,     0.01643922266,       1.082492388,                 0,                 0,                 0,    -0.00479296681,     -0.1717833566,       1.068901537,                 0,        65.8481493,     0.03925368515
          0,           0,         183,      -11.56052711,      -10.84985441,      -10.94392759,       -10.8985789,      -14.48947214,           0.01575,       0.016439221,       1.082492393,                 0,                 0,                 0,   -0.004792966476,     -0.1717833591,       1.068901542,                 0,       65.84815625,     0.03925368515
          0,           0,         184,       -11.5708057,       -10.8646501,      -10.95829738,      -10.91149507,      -14.50297625,           0.01575,     0.01643921942,       1.082492398,                 0,                 0,                 0,   -0.004792966221,     -0.1717833615,       1.068901546,                 0,       65.84816286,     0.03925368515
          0,           0,         185,       -11.5809228,      -10.87948174,      -10.97272573,      -10.92443532,      -14.51631851,           0.01575,     0.01643921791,       1.082492402,                 0,                 0,                 0,   -0.004792966039,     -0.1717833636,        1.06890155,                 0,       65.84816916,     0.03925368515
          0,           0,         186,      -11.59078272,      -10.89435132,      -10.98721665,      -10.93731048,      -14.52950683,           0.01575,     0.01643921646,       1.082492405,                 0,                 0,                 0,   -0.004792965925,     -0.1717833656,       1.068901553,                 0,       65.84817514,     0.03925368515
          0,           0,         187,      -11.60044967,      -10.90925241,      -11.00176978,       -10.9501873,      -14.54254892,           0.01575,     0.01643921508,       1.082492408,                 0,                 0,                 0,   -0.004792965872,     -0.1717833674,       1.068901555,                 0,       65.84818083,     0.03925368515
          0,           0,         188,      -11.60986721,      -10.92418611,      -11.01638505,      -10.96302779,      -14.55545183,           0.01575,     0.01643921377,        1.08249241,                 0,                 0,                 0,   -0.004792965877,     -0.1717833691,       1.068901557,                 0,       65.84818624,     0.03925368515
          0,           0,         189,      -11.61905292,      -10.93915041,      -11.03106681,      -10.97583124,      -14.56822192,           0.01575,     0.01643921251,       1.082492411,                 0,                 0,                 0,   -0.004792965933,     -0.1717833707,       1.068901559,                 0,       65.84819139,     0.03925368515
          0,           0,         190,      -11.62806001,      -10.95414617,      -11.04581116,      -10.98862679,      -14.58086498,           0.01575,      0.0164392113,       1.082492413,                 0,                 0,                 0,   -0.004792966036,     -0.1717833721,        1.06890156,                 0,       65.84819628,     0.03925368515
          0,           0,         191,      -11.63682354,      -10.96916674,      -11.06061801,      -11.00137362,      -14.59338649,           0.01575,     0.01643921016,       1.082492414,                 0,                 0,                 0,   -0.004792966181,     -0.1717833734,        1.06890156,                 0,       65.84820094,     0.03925368515
          0,           0,         192,      -11.64530846,      -10.98420621,      -11.07548326,      -11.01405689,      -14.60579194,           0.01575,     0.01643920906,       1.082492414,                 0,                 0,                 0,   -0.004792966363,     -0.1717833745,       1.068901561,                 0,       65.84820536,     0.03925368515
          0,           0,         193,      -11.65359077,      -10.99926133,      -11.09040196,      -11.02670275,      -14.61808707,           0.01575,     0.01643920802,       1.082492414,                 0,                 0,                 0,    -0.00479296658,     -0.1717833756,       1.068901561,                 0,       65.84820956,     0.03925368515
          0,           0,         194,      -11.66165051,      -11.01432723,      -11.10537854,      -11.03929502,        -14.630278,           0.01575,     0.01643920702,       1.082492414,                 0,                 0,                 0,   -0.004792966827,     -0.1717833766,       1.068901561,                 0,       65.84821356,     0.03925368515
          0,           0,         195,      -11.66948019,      -11.02939845,       -11.1204048,      -11.05183346,      -14.64237111,           0.01575,     0.01643920606,       1.082492414,                 0,                 0,                 0,     -0.0047929671,     -0.1717833774,        1.06890156,                 0,       65.84821736,     0.03925368515
          0,           0,         196,      -11.67708076,      -11.04446805,       -11.1354743,        -11.064298,      -14.65437297,           0.01575,     0.01643920515,       1.082492413,                 0,                 0,                 0,   -0.004792967396,     -0.1717833782,       1.068901559,                 0,       65.84822097,     0.03925368515
          0,           0,         197,      -11.68442245,      -11.05953167,      -11.15059799,       -11.0766746,      -14.66629011,           0.01575,     0.01643920428,       1.082492413,                 0,                 0,                 0,   -0.004792967714,      -0.171783379,       1.068901558,                 0,        65.8482244,     0.03925368515
          0,           0,         198,      -11.69157511,      -11.07458511,      -11.16574377,      -11.08897209,      -14.67812882,           0.01575,     0.01643920346,       1.082492412,                 0,                 0,                 0,   -0.004792968049,     -0.1717833796,       1.068901557,                 0,       65.84822766,     0.03925368515
          0,           0,         199,      -11.69845728,      -11.08961304,      -11.18093415,      -11.10113977,      -14.68989494,           0.01575,     0.01643920266,        1.08249241,                 0,                 0,                 0,     -0.0047929684,     -0.1717833802,       1.068901556,                 0,       65.84823076,     0.03925368515
          0,           0,         200,      -11.70518968,      -11.10462677,       -11.1961543,      -11.11328512,      -14.70159386,           0.01575,     0.01643920191,       1.082492409,                 0,                 0,                 0,   -0.004792968764,     -0.1717833807,       1.068901555,                 0,        65.8482337,     0.03925368515
          0,           0,         201,      -11.71166787,      -11.11960971,       -11.2114006,      -11.12528959,      -14.71323045,           0.01575,     0.01643920119,       1.082492408,                 0,                 0,                 0,    -0.00479296914,     -0.1717833812,       1.068901553,                 0,        65.8482365,     0.03925368515
          0,           0,         202,      -11.71794789,      -11.13456376,      -11.22668466,      -11.13716905,      -14.72480927,           0.01575,      0.0164392005,       1.082492406,                 0,                 0,                 0,   -0.004792969524,     -0.1717833816,       1.068901551,                 0,       65.84823916,     0.03925368515
          0,           0,         203,      -11.72410934,      -11.14947916,       -11.2419881,      -11.14901409,      -14.73633458,           0.01575,     0.01643919984,       1.082492404,                 0,                 0,                 0,   -0.004792969916,     -0.1717833819,        1.06890155,                 0,       65.84824168,     0.03925368515
          0,           0,         204,      -11.73002131,      -11.16435515,      -11.25733343,       -11.1607236,      -14.74781044,           0.01575,     0.01643919922,       1.082492403,                 0,                 0,                 0,   -0.004792970314,     -0.1717833822,       1.068901548,                 0,       65.84824409,     0.03925368515
          0,           0,         205,      -11.73575539,      -11.17918219,      -11.27270854,      -11.17225649,      -14.75924087,           0.01575,     0.01643919862,       1.082492401,                 0,                 0,                 0,   -0.004792970716,     -0.1717833825,       1.068901546,                 0,       65.84824637,     0.03925368515
          0,           0,         206,      -11.74127256,      -11.19395099,      -11.28809664,      -11.18367706,       -14.7706299,           0.01575,     0.01643919805,       1.082492399,                 0,                 0,                 0,   -0.004792971121,     -0.1717833827,       1.068901544,                 0,       65.84824853,     0.03925368515
          0,           0,         207,      -11.74675494,      -11.20867739,      -11.30350639,       -11.1950542,      -14.78198169,           0.01575,     0.01643919751,       1.082492397,                 0,                 0,                 0,   -0.004792971527,     -0.1717833829,       1.068901542,                 0,       65.84825059,     0.03925368515
          0,           0,         208,      -11.75210148,      -11.22335176,      -11.31895847,      -11.20631993,      -14.79330051,           0.01575,     0.01643919699,       1.082492395,                 0,                 0,                 0,   -0.004792971933,     -0.1717833831,        1.06890154,                 0,       65.84825254,     0.03925368515
          0,           0,         209,      -11.75728334,      -11.23794115,       -11.3344222,      -11.21744936,      -14.80459066,           0.01575,      0.0164391965,       1.082492393,                 0,                 0,                 0,   -0.004792972339,     -0.1717833832,       1.068901538,                 0,        65.8482544,     0.03925368515
          0,           0,         210,      -11.76228687,      -11.25246992,      -11.34990601,      -11.22841281,      -14.81585648,           0.01575,     0.01643919602,       1.082492391,                 0,                 0,                 0,   -0.004792972742,     -0.1717833833,       1.068901536,                 0,       65.84825616,     0.03925368515
          0,           0,         211,      -11.76714706,      -11.26690753,      -11.36541048,      -11.23921571,      -14.82710237,           0.01575,     0.01643919557,       1.082492389,                 0,                 0,                 0,   -0.004792973143,     -0.1717833834,       1.068901533,                 0,       65.84825784,     0.03925368515
          0,           0,         212,      -11.77195278,      -11.28126398,      -11.38092846,      -11.24992099,      -14.83833263,           0.01575,     0.01643919515,       1.082492387,                 0,                 0,                 0,   -0.004792973541,     -0.1717833835,       1.068901531,                 0,       65.84825943,     0.03925368515
          0,           0,         213,      -11.77664904,      -11.29552365,      -11.39647223,      -11.26048242,      -14.84955153,           0.01575,     0.01643919474,       1.082492385,                 0,                 0,                 0,   -0.004792973935,     -0.1717833835,       1.068901529,                 0,       65.84826094,     0.03925368515
          0,           0,         214,       -11.7812413,      -11.30969639,      -11.41202073,      -11.27095868,      -14.86076321,           0.01575,     0.01643919435,       1.082492382,                 0,                 0,                 0,   -0.004792974323,     -0.1717833835,       1.068901527,                 0,       65.84826237,     0.03925368515
          0,           0,         215,       -11.7857049,      -11.32374663,      -11.42756911,      -11.28119848,       -14.8719717,           0.01575,     0.01643919397,        1.08249238,                 0,                 0,                 0,   -0.004792974707,     -0.1717833835,       1.068901525,                 0,       65.84826373,     0.03925368515
          0,           0,         216,      -11.79018779,      -11.33768833,      -11.44312227,      -11.29140518,      -14.88318092,           0.01575,     0.01643919362,       1.082492378,                 0,                 0,                 0,   -0.004792975085,     -0.1717833835,       1.068901523,                 0,       65.84826503,     0.03925368515
          0,           0,         217,      -11.79448996,      -11.35150563,       -11.4586828,      -11.30138877,      -14.89439462,           0.01575,     0.01643919328,       1.082492376,                 0,                 0,                 0,   -0.004792975457,     -0.1717833835,       1.068901521,                 0,       65.84826625,     0.03925368515
          0,           0,         218,      -11.79880062,      -11.36518481,      -11.47421837,      -11.31127536,      -14.90561637,           0.01575,     0.01643919296,       1.082492374,                 0,                 0,                 0,   -0.004792975822,     -0.1717833834,       1.068901519,                 0,       65.84826742,     0.03925368515
          0,           0,         219,      -11.80301574,      -11.37874485,       -11.4897829,      -11.32100104,      -14.91684972,           0.01575,     0.01643919265,       1.082492372,                 0,                 0,                 0,   -0.004792976181,     -0.1717833834,       1.068901517,                 0,       65.84826853,     0.03925368515
          0,           0,         220,      -11.80713755,      -11.39214219,      -11.50532799,      -11.33053265,      -14.92809806,           0.01575,     0.01643919236,        1.08249237,                 0,                 0,                 0,   -0.004792976532,     -0.1717833833,       1.068901514,                 0,       65.84826958,     0.03925368515
          0,           0,         221,      -11.81126691,      -11.40539258,      -11.52085221,      -11.33999224,      -14.93936468,           0.01575,     0.01643919208,       1.082492368,                 0,                 0,                 0,   -0.004792976877,     -0.1717833833,       1.068901512,                 0,       65.84827058,     0.03925368515
          0,           0,         222,      -11.81535685,      -11.41851541,      -11.53634966,       -11.3493092,      -14.95065282,           0.01575,     0.01643919181,       1.082492366,                 0,                 0,                 0,   -0.004792977213,     -0.1717833832,       1.068901511,                 0,       65.84827154,     0.03925368515
          0,           0,         223,      -11.81937061,      -11.43144288,      -11.55185845,      -11.35840528,      -14.96196561,           0.01575,     0.01643919156,       1.082492364,                 0,                 0,                 0,   -0.004792977543,     -0.1717833831,       1.068901509,                 0,       65.84827244,     0.03925368515
          0,           0,         224,      -11.82331563,      -11.44419439,      -11.56730128,      -11.36736845,      -14.97330608,           0.01575,     0.01643919131,       1.082492362,                 0,                 0,                 0,   -0.004792977865,      -0.171783383,       1.068901507,                 0,        65.8482733,     0.03925368515
          0,           0,         225,      -11.82735391,      -11.45678555,       -11.5827441,      -11.37627613,      -14.98467704,           0.01575,     0.01643919108,       1.082492361,                 0,                 0,                 0,   -0.004792978179,     -0.1717833829,       1.068901505,                 0,       65.84827412,     0.03925368515
          0,           0,         226,      -11.83134599,      -11.46921773,      -11.59816529,      -11.38505392,      -14.99608117,           0.01575,     0.01643919086,       1.082492359,                 0,                 0,                 0,   -0.004792978485,     -0.1717833828,       1.068901503,                 0,       65.84827489,     0.03925368515
          0,           0,         227,      -11.83518534,      -11.48142251,      -11.61354183,      -11.39352842,      -15.00752104,           0.01575,     0.01643919065,       1.082492357,                 0,                 0,                 0,   -0.004792978784,     -0.1717833827,       1.068901501,                 0,       65.84827563,     0.03925368515
          0,           0,         228,      -11.83915683,      -11.49345964,      -11.62887368,      -11.40203623,      -15.01899931,           0.01575,     0.01643919045,       1.082492355,                 0,                 0,                 0,   -0.004792979075,     -0.1717833826,       1.068901499,                 0,       65.84827633,     0.03925368515
          0,           0,         229,      -11.84303847,      -11.50529095,      -11.64413082,      -11.41033578,      -15.03051847,           0.01575,     0.01643919025,       1.082492353,                 0,                 0,                 0,   -0.004792979357,     -0.1717833825,       1.068901498,                 0,       65.84827701,     0.03925368515
          0,           0,         230,      -11.84689359,      -11.51691085,      -11.65937208,      -11.41846623,      -15.04208144,           0.01575,     0.01643919008,       1.082492352,                 0,                 0,                 0,   -0.004792979634,     -0.1717833824,       1.068901496,                 0,       65.84827761,     0.03925368515
          0,           0,         231,      -11.85075699,      -11.52832072,      -11.67451601,       -11.4264327,      -15.05369022,           0.01575,     0.01643918991,        1.08249235,                 0,                 0,                 0,   -0.004792979903,     -0.1717833823,       1.068901494,                 0,       65.84827819,     0.03925368515
          0,           0,         232,      -11.85458139,      -11.53953455,      -11.68961643,      -11.43430873,      -15.06533951,           0.01575,     0.01643918974,       1.082492349,                 0,                 0,                 0,   -0.004792980161,     -0.1717833822,       1.068901493,                 0,       65.84827876,     0.03925368515
          0,           0,         233,       -11.8585904,      -11.55056489,       -11.7046945,      -11.44224197,      -15.07704093,           0.01575,     0.01643918958,       1.082492347,                 0,                 0,                 0,   -0.004792980413,     -0.1717833821,       1.068901491,                 0,       65.84827931,     0.03925368515
          0,           0,         234,      -11.86250369,      -11.56137418,      -11.71967206,      -11.45001041,      -15.08879894,           0.01575,     0.01643918943,       1.082492346,                 0,                 0,                 0,   -0.004792980656,     -0.1717833819,        1.06890149,                 0,       65.84827983,     0.03925368515
          0,           0,         235,      -11.86633309,      -11.57196706,      -11.73453948,      -11.45739834,      -15.10061147,           0.01575,     0.01643918928,       1.082492344,                 0,                 0,                 0,   -0.004792980893,     -0.1717833818,       1.068901488,                 0,       65.84828033,     0.03925368515
          0,           0,         236,      -11.87022902,      -11.58234014,      -11.74935272,       -11.4648687,       -15.1124759,           0.01575,     0.01643918914,       1.082492343,                 0,                 0,                 0,   -0.004792981122,     -0.1717833817,       1.068901487,                 0,       65.84828082,     0.03925368515
          0,           0,         237,      -11.87410649,      -11.59249717,      -11.76406397,      -11.47213278,      -15.12439084,           0.01575,       0.016439189,       1.082492341,                 0,                 0,                 0,   -0.004792981344,     -0.1717833816,       1.068901486,                 0,       65.84828129,     0.03925368515
          0,           0,         238,      -11.87802833,      -11.60245433,      -11.77871071,        -11.479362,      -15.13635694,           0.01575,     0.01643918888,        1.08249234,                 0,                 0,                 0,    -0.00479298156,     -0.1717833815,       1.068901484,                 0,        65.8482817,     0.03925368515
          0,           0,         239,      -11.88198854,      -11.61221496,      -11.79326349,      -11.48650669,      -15.14838356,           0.01575,     0.01643918877,       1.082492339,                 0,                 0,                 0,   -0.004792981769,     -0.1717833814,       1.068901483,                 0,       65.84828206,     0.03925368515
          0,           0,         240,      -11.88585403,      -11.62173387,      -11.80775288,      -11.49344527,      -15.16046893,           0.01575,     0.01643918864,       1.082492337,                 0,                 0,                 0,   -0.004792981967,     -0.1717833813,       1.068901482,                 0,        65.8482825,     0.03925368515
          0,           0,         241,      -11.88979884,      -11.63107505,      -11.82202323,      -11.50032414,      -15.17261432,           0.01575,     0.01643918853,       1.082492336,                 0,                 0,                 0,   -0.004792982163,     -0.1717833812,        1.06890148,                 0,       65.84828286,     0.03925368515
          0,           0,         242,      -11.89379682,      -11.64022571,       -11.8361769,      -11.50712561,      -15.18481838,           0.01575,     0.01643918843,       1.082492335,                 0,                 0,                 0,   -0.004792982351,     -0.1717833811,       1.068901479,                 0,        65.8482832,     0.03925368515
          0,           0,         243,      -11.89782805,      -11.64916416,      -11.85032673,      -11.51394458,      -15.19709146,           0.01575,     0.01643918834,       1.082492334,                 0,                 0,                 0,   -0.004792982532,      -0.171783381,       1.068901478,                 0,        65.8482835,     0.03925368515
          0,           0,         244,      -11.90186128,      -11.65790359,      -11.86425413,      -11.52060709,      -15.20943863,           0.01575,     0.01643918825,       1.082492333,                 0,                 0,                 0,   -0.004792982705,     -0.1717833809,       1.068901477,                 0,       65.84828378,     0.03925368515
          0,           0,         245,      -11.90584897,      -11.66644484,      -11.87802538,      -11.52710826,      -15.22185625,           0.01575,     0.01643918816,       1.082492332,                 0,                 0,                 0,   -0.004792982871,     -0.1717833808,       1.068901476,                 0,       65.84828405,     0.03925368515
          0,           0,         246,      -11.90986371,      -11.67480299,      -11.89162846,       -11.5334708,      -15.23434187,           0.01575,     0.01643918808,       1.082492331,                 0,                 0,                 0,   -0.004792983032,     -0.1717833807,       1.068901475,                 0,       65.84828432,     0.03925368515
          0,           0,         247,       -11.9140347,      -11.68300122,      -11.90520777,      -11.54010115,      -15.24689637,           0.01575,       0.016439188,        1.08249233,                 0,                 0,                 0,   -0.004792983185,     -0.1717833806,       1.068901474,                 0,       65.84828458,     0.03925368515
          0,           0,         248,      -11.91810025,      -11.69101638,      -11.91853606,      -11.54637483,      -15.25952303,           0.01575,     0.01643918792,       1.082492329,                 0,                 0,                 0,   -0.004792983333,     -0.1717833805,       1.068901473,                 0,       65.84828485,     0.03925368515
          0,           0,         249,      -11.92216246,      -11.69881294,      -11.93174573,       -11.5524902,      -15.27222241,           0.01575,     0.01643918786,       1.082492328,                 0,                 0,                 0,   -0.004792983477,     -0.1717833804,       1.068901472,                 0,       65.84828505,     0.03925368515
          0,           0,         250,      -11.92626953,      -11.70650919,      -11.94478165,      -11.55865644,      -15.28499067,           0.01575,     0.01643918778,       1.082492327,                 0,                 0,                 0,   -0.004792983614,     -0.1717833804,       1.068901471,                 0,       65.84828529,     0.03925368515
          0,           0,         251,      -11.93046119,      -11.71404951,      -11.95754965,      -11.56483096,      -15.29783432,           0.01575,     0.01643918772,       1.082492326,                 0,                 0,                 0,   -0.004792983748,     -0.1717833803,        1.06890147,                 0,       65.84828548,     0.03925368515
          0,           0,         252,      -11.93470901,      -11.72140475,      -11.97030184,        -11.571014,       -15.3107506,           0.01575,     0.01643918766,       1.082492325,                 0,                 0,                 0,   -0.004792983875,     -0.1717833802,        1.06890147,                 0,       65.84828569,     0.03925368515
          0,           0,         253,      -11.93878265,      -11.72857869,      -11.98292035,      -11.57675768,      -15.32374198,           0.01575,      0.0164391876,       1.082492325,                 0,                 0,                 0,   -0.004792983997,     -0.1717833801,       1.068901469,                 0,       65.84828588,     0.03925368515
          0,           0,         254,       -11.9430843,      -11.73568774,      -11.99524141,      -11.58282367,      -15.33680814,           0.01575,     0.01643918754,       1.082492324,                 0,                 0,                 0,   -0.004792984114,       -0.17178338,       1.068901468,                 0,       65.84828607,     0.03925368515
          0,           0,         255,      -11.94733175,      -11.74259945,      -12.00748405,      -11.58873836,      -15.34994651,           0.01575,     0.01643918748,       1.082492323,                 0,                 0,                 0,   -0.004792984227,       -0.17178338,       1.068901467,                 0,       65.84828626,     0.03925368515
          0,           0,         256,      -11.95160793,      -11.74945878,      -12.01919259,      -11.59460715,      -15.36315547,           0.01575,     0.01643918742,       1.082492322,                 0,                 0,                 0,   -0.004792984335,     -0.1717833799,       1.068901467,                 0,       65.84828645,     0.03925368515
          0,           0,         257,      -11.95587008,      -11.75609044,      -12.03120089,      -11.60036934,      -15.37643676,           0.01575,     0.01643918737,       1.082492322,                 0,                 0,                 0,   -0.004792984439,     -0.1717833798,       1.068901466,                 0,       65.84828662,     0.03925368515
          0,           0,         258,      -11.96021816,      -11.76271596,      -12.04276515,      -11.60620474,       -15.3897953,           0.01575,     0.01643918732,       1.082492321,                 0,                 0,                 0,   -0.004792984539,     -0.1717833798,       1.068901465,                 0,       65.84828678,     0.03925368515
          0,           0,         259,      -11.96448253,      -11.76911227,      -12.05434599,      -11.61178835,      -15.40324011,           0.01575,     0.01643918727,       1.082492321,                 0,                 0,                 0,   -0.004792984634,     -0.1717833797,       1.068901465,                 0,       65.84828694,     0.03925368515
          0,           0,         260,      -11.96893266,       -11.7754986,       -12.0656988,      -11.61766835,      -15.41677295,           0.01575,     0.01643918723,        1.08249232,                 0,                 0,                 0,   -0.004792984727,     -0.1717833797,       1.068901464,                 0,       65.84828708,     0.03925368515
          0,           0,         261,      -11.97332317,      -11.78169399,      -12.07692241,      -11.62333254,      -15.43039785,           0.01575,     0.01643918719,       1.082492319,                 0,                 0,                 0,   -0.004792984814,     -0.1717833796,       1.068901464,                 0,       65.84828721,     0.03925368515
          0,           0,         262,      -11.97768871,      -11.78794419,      -12.08778346,       -11.6289102,      -15.44411755,           0.01575,     0.01643918715,       1.082492319,                 0,                 0,                 0,   -0.004792984898,     -0.1717833795,       1.068901463,                 0,       65.84828733,     0.03925368515
          0,           0,         263,      -11.98220209,      -11.79406236,      -12.09843994,      -11.63461032,      -15.45793162,           0.01575,     0.01643918711,       1.082492318,                 0,                 0,                 0,   -0.004792984978,     -0.1717833795,       1.068901463,                 0,       65.84828745,     0.03925368515
          0,           0,         264,      -11.98654748,      -11.80006517,      -12.10909874,      -11.64002962,      -15.47183889,           0.01575,     0.01643918708,       1.082492318,                 0,                 0,                 0,   -0.004792985055,     -0.1717833794,       1.068901462,                 0,       65.84828755,     0.03925368515
          0,           0,         265,      -11.99104378,      -11.80600356,      -12.11940198,      -11.64564149,      -15.48583872,           0.01575,     0.01643918705,       1.082492317,                 0,                 0,                 0,   -0.004792985127,     -0.1717833794,       1.068901462,                 0,       65.84828765,     0.03925368515
          0,           0,         266,      -11.99554146,      -11.81182764,      -12.12972976,      -11.65108979,      -15.49993066,           0.01575,     0.01643918702,       1.082492317,                 0,                 0,                 0,   -0.004792985197,     -0.1717833793,       1.068901461,                 0,       65.84828774,     0.03925368515
          0,           0,         267,      -12.00021264,       -11.8176795,      -12.13965824,       -11.6568505,      -15.51411436,           0.01575,     0.01643918699,       1.082492316,                 0,                 0,                 0,   -0.004792985262,     -0.1717833793,       1.068901461,                 0,       65.84828782,     0.03925368515
