line,coordinate,run,Velocity_z,Pressure,Density
axis,0.000000,develop_w30_converged,69.44475790,99206.7970,1.15199480
axis,0.200000,develop_w30_converged,69.44475790,99206.7970,1.15199480
axis,0.400000,develop_w30_converged,69.44475790,99206.7970,1.15199480
axis,0.600000,develop_w30_converged,69.44475790,99206.7970,1.15199480
axis,0.800000,develop_w30_converged,69.44475790,99206.7970,1.15199480
axis,1.000000,develop_w30_converged,69.44475790,99206.7970,1.15199480
axis,1.200000,develop_w30_converged,69.44475790,99206.7970,1.15199480
axis,1.400000,develop_w30_converged,69.44475790,99206.7970,1.15199480
axis,1.600000,develop_w30_converged,69.44475790,99206.7970,1.15199480
axis,1.800000,develop_w30_converged,69.44475790,99206.7970,1.15199480
axis,2.000000,develop_w30_converged,69.44475790,99206.7970,1.15199480
radius,0.000000,develop_w30_converged,69.44475790,99206.7970,1.15199480
radius,0.125000,develop_w30_converged,28.01237338,99840.7677,1.03293991
radius,0.250000,develop_w30_converged,15.92522899,99900.3839,1.09329168
radius,0.375000,develop_w30_converged,15.32667093,99962.2694,1.12492951
radius,0.500000,develop_w30_converged,19.56165481,100097.7865,1.14379659
radius,0.625000,develop_w30_converged,21.36329417,100169.8267,1.15357177
radius,0.750000,develop_w30_converged,18.80790179,100199.4004,1.15770785
radius,0.875000,develop_w30_converged,11.56892788,100198.0679,1.15860758
radius,1.000000,develop_w30_converged,0.00000000,100130.7031,1.15760107
axis,0.000000,pr_w30_converged,35.19754618,100366.3208,1.16753407
axis,0.200000,pr_w30_converged,35.77129890,100399.3967,1.16783312
axis,0.400000,pr_w30_converged,36.46851801,100343.5680,1.16734060
axis,0.600000,pr_w30_converged,37.08081615,100293.5543,1.16689207
axis,0.800000,pr_w30_converged,37.62111460,100246.1282,1.16646015
axis,1.000000,pr_w30_converged,38.09224991,100200.5599,1.16603855
axis,1.200000,pr_w30_converged,38.49394644,100156.7755,1.16562667
axis,1.400000,pr_w30_converged,38.82447084,100114.8170,1.16522511
axis,1.600000,pr_w30_converged,39.08101329,100074.8463,1.16483695
axis,1.800000,pr_w30_converged,39.25718606,100035.9198,1.16446275
axis,2.000000,pr_w30_converged,39.28379179,99974.6189,1.16389631
radius,0.000000,pr_w30_converged,38.09224991,100200.5599,1.16603855
radius,0.125000,pr_w30_converged,37.88661031,100197.2384,1.16597812
radius,0.250000,pr_w30_converged,37.23361166,100196.8429,1.16590355
radius,0.375000,pr_w30_converged,35.95919893,100206.5620,1.16587918
radius,0.500000,pr_w30_converged,33.71358142,100223.3312,1.16583494
radius,0.625000,pr_w30_converged,29.92115991,100247.0265,1.16573308
radius,0.750000,pr_w30_converged,23.70184513,100274.1020,1.16553071
radius,0.875000,pr_w30_converged,13.93934797,100288.3828,1.16515192
radius,1.000000,pr_w30_converged,0.00000000,100255.4724,1.16450015
axis,0.000000,pr_s90_converged,35.22258501,100364.2478,1.16751567
axis,0.200000,pr_s90_converged,35.79195189,100397.1491,1.16781230
axis,0.400000,pr_s90_converged,36.48454416,100341.6108,1.16732187
axis,0.600000,pr_s90_converged,37.09294854,100291.8521,1.16687535
axis,0.800000,pr_s90_converged,37.62989641,100244.6585,1.16644536
axis,1.000000,pr_s90_converged,38.09810502,100199.3160,1.16602573
axis,1.200000,pr_s90_converged,38.49724256,100155.7579,1.16561591
axis,1.400000,pr_s90_converged,38.82555690,100114.0297,1.16521650
axis,1.600000,pr_s90_converged,39.08024596,100074.2954,1.16483060
axis,1.800000,pr_s90_converged,39.25498323,100035.6252,1.16445883
axis,2.000000,pr_s90_converged,39.28133261,99974.8553,1.16389739
radius,0.000000,pr_s90_converged,38.09810502,100199.3160,1.16602573
radius,0.125000,pr_s90_converged,37.89221393,100196.3278,1.16596916
radius,0.250000,pr_s90_converged,37.23919303,100196.3711,1.16589960
radius,0.375000,pr_s90_converged,35.96361285,100206.0845,1.16587483
radius,0.500000,pr_s90_converged,33.71669932,100222.8853,1.16583055
radius,0.625000,pr_s90_converged,29.92325013,100246.6575,1.16572926
radius,0.750000,pr_s90_converged,23.70321424,100273.8680,1.16552824
radius,0.875000,pr_s90_converged,13.94001421,100288.2593,1.16515063
radius,1.000000,pr_s90_converged,0.00000000,100255.2328,1.16449751
axis,0.000000,full_converged,35.23575861,100363.1401,1.16750578
axis,0.200000,full_converged,35.80277667,100395.9349,1.16780095
axis,0.400000,full_converged,36.49288697,100340.5439,1.16731155
axis,0.600000,full_converged,37.09920274,100290.9202,1.16686608
axis,0.800000,full_converged,37.63436153,100243.8522,1.16643715
axis,1.000000,full_converged,38.10101506,100198.6323,1.16601861
axis,1.200000,full_converged,38.49879787,100155.1975,1.16560991
axis,1.400000,full_converged,38.82594446,100113.5953,1.16521170
axis,1.600000,full_converged,39.07965415,100073.9906,1.16482705
axis,1.800000,full_converged,39.25363073,100035.4611,1.16445663
axis,2.000000,full_converged,39.27983460,99974.9760,1.16389789
radius,0.000000,full_converged,38.10101506,100198.6323,1.16601861
radius,0.125000,full_converged,37.89508471,100195.7046,1.16596272
radius,0.250000,full_converged,37.24293348,100196.1826,1.16589820
radius,0.375000,full_converged,35.96772763,100205.8169,1.16587232
radius,0.500000,full_converged,33.72191111,100222.7380,1.16582931
radius,0.625000,full_converged,29.93088640,100246.8160,1.16573164
radius,0.750000,full_converged,23.71379440,100274.5090,1.16553633
radius,0.875000,full_converged,13.95041893,100289.1998,1.16516200
radius,1.000000,full_converged,0.00000000,100255.2787,1.16449810
