rank,native_cell_id,quality,max_metric_edge,shape_failure,length_failure,height_failure,reference_failure,centroid_x,centroid_y,x0,y0,x1,y1,x2,y2,max_relative_height_error,max_reference_deviation
0,3224065,8.4261260270627615e-08,1.3070110854221817,1,0,0,0,0.99637799490855694,0.00095001384908401099,0.99660437046942163,0.00090126293041153417,0.9962648051869285,0.00097438973292981491,0.9962648090693208,0.00097438888391068409,0,0
0,3224455,4.162195692946757e-08,1.3070040462852457,1,0,0,0,0.99649118398312009,0.00092563810674139567,0.99660437046942163,0.00090126293041153417,0.9962648090693208,0.00097438888391068409,0.99660437241061783,0.00090126250590196876,0,0
0,3224834,2.1065253276991197e-08,1.3070040462852457,1,0,0,0,0.99637799717328579,0.00095001335382285132,0.99660437241061783,0.00090126250590196876,0.9962648090693208,0.00097438888391068409,0.99626481003991896,0.00097438867165590133,0,0
0,3225224,1.0405511671878538e-08,1.3070022864997837,1,0,0,0,0.99649118511548451,0.00092563785911081589,0.99660437241061783,0.00090126250590196876,0.99626481003991896,0.00097438867165590133,0.99660437289591686,0.00090126239977457738,0,0
0,3225603,5.2664328910643116e-09,1.3070022864997837,1,0,0,0,0.996377997739468,0.00095001323000756138,0.99660437289591686,0.00090126239977457738,0.99626481003991896,0.00097438867165590133,0.99626481028256841,0.00097438861859220575,0,0
0,3225993,2.6014150378778451e-09,1.3070018465535986,1,0,0,0,0.99649118539857562,0.00092563779720317087,0.99660437289591686,0.00090126239977457738,0.99626481028256841,0.00097438861859220575,0.99660437301724158,0.00090126237324272959,0,0
0,3226372,1.3166087897918421e-09,1.3070018465535986,1,0,0,0,0.99637799788101344,0.00095001319905373897,0.99660437301724158,0.00090126237324272959,0.99626481028256841,0.00097438861859220575,0.99626481034323078,0.0009743886053262818,0,0
0,3226749,3.2907430490480416e-10,1.3070017365674305,1,0,0,0,0.99637799791640003,0.00095001319131528348,0.99660437304757288,0.00090126236660976761,0.99626481034323078,0.0009743886053262818,0.99626481035839642,0.00097438860200980081,0,0
0,3226762,6.5019994064435729e-10,1.3070017365674305,1,0,0,0,0.99649118546934834,0.00092563778172625967,0.99660437301724158,0.00090126237324272959,0.99626481034323078,0.0009743886053262818,0.99660437304757288,0.00090126236660976761,0,0
0,6300283,0.15310176958328478,0.70193255362454887,1,0,0,0,0.66672773721405509,-0.026561257737404788,0.65914308729709559,-0.027634739824407145,0.65947443246841397,-0.027597714215516999,0.68156569187665583,-0.024451319172290219,0,0
0,6300288,0.15297988571657584,0.60730980914717392,1,0,0,0,0.69068056011508283,-0.023127767413288914,0.69527673729366579,-0.022454913197939019,0.68156569187665583,-0.024451319172290219,0.69519925117492698,-0.0224770698696375,0,0
0,8695687,3.2855637258523533e-07,5.9473109570263949e-07,1,0,0,0,0.9966043729869104,0.00090126237987569156,0.99660437289591686,0.00090126239977457738,0.99660437301724158,0.00090126237324272959,0.99660437304757288,0.00090126236660976761,0,0
0,8695689,5.2746852042910538e-08,2.4978696219454421e-06,1,0,0,0,0.99660437278470249,0.00090126242409543792,0.99660437241061783,0.00090126250590196876,0.99660437289591686,0.00090126239977457738,0.99660437304757288,0.00090126236660976761,0,0
0,8695691,3.1791281205635562e-08,4.5874724530070097e-06,1,0,0,0,0.99626480979726939,0.00097438872471959702,0.99626481028256841,0.00097438861859220575,0.99626481003991896,0.00097438867165590133,0.9962648090693208,0.00097438888391068409,0,0
0,8865787,2.1952663835789342e-10,1.3070016792979462,1,0,0,0,0.99643575213199287,0.00093757558109483117,0.99643807299000953,0.00093707577466492498,0.99660437304757288,0.00090126236660976761,0.99626481035839642,0.00097438860200980081,0,0
0,19634303,0.0064072336031015349,0.0020209817487763619,1,0,0,0,0.99660443286752809,0.00090138467765118818,0.9966045557225448,0.0009016285966400616,0.99660437046942163,0.00090126293041153417,0.99660437241061783,0.00090126250590196876,0,0
0,33751295,3.5605563719437968e-10,1.0456430901029521,1,0,0,0,0.99658275161073284,0.00090591863281095503,0.99660437304757288,0.00090126236660976761,0.99643807299000953,0.00093707577466492498,0.99670580879461601,0.00087941775715817271,0,0
0,33752448,5.7270862885860511e-06,0.30566319043587942,1,0,0,0,0.9962376805926807,0.00098023122464946117,0.99626478965735943,0.00097439312900633799,0.99626472753908302,0.00097440671331243043,0.99618352458159987,0.0009918938316296152,0,0
0,33752449,1.4303993505899935e-06,0.30572192777144019,1,0,0,0,0.99623770647529586,0.00098022556452192263,0.9962648051869285,0.00097438973292981491,0.99626478965735943,0.00097439312900633799,0.99618352458159987,0.0009918938316296152,0,0
0,33752450,3.575139490676159e-07,0.30573661212243702,1,0,0,0,0.99623771294594965,0.000980224149490038,0.9962648090693208,0.00097438888391068409,0.9962648051869285,0.00097438973292981491,0.99618352458159987,0.0009918938316296152,0,0
0,33752451,1.1171595291509753e-07,0.30574120098358604,1,0,0,0,0.99623771464449629,0.00098022377804416827,0.99626481028256841,0.00097438861859220575,0.9962648090693208,0.00097438888391068409,0.99618352458159987,0.0009918938316296152,0,0
0,33752452,5.5858098166869495e-09,0.30574143042661123,1,0,0,0,0.99623771506913306,0.00098022368518270084,0.99626481034323078,0.0009743886053262818,0.99626481028256841,0.00097438861859220575,0.99618352458159987,0.0009918938316296152,0,0
0,33752453,1.3961206252754196e-09,0.30574148778756166,1,0,0,0,0.99623771509440895,0.00098022367965523239,0.99626481035839642,0.00097438860200980081,0.99626481034323078,0.0009743886053262818,0.99618352458159987,0.0009918938316296152,0,0
0,33752454,1.8861392755184942e-10,0.96668905994737431,1,0,0,0,0.9962954693100019,0.00096778606943478018,0.99618352458159987,0.0009918938316296152,0.99643807299000953,0.00093707577466492498,0.99626481035839642,0.00097438860200980081,0,0
0,33949434,0.0021043681578117768,0.0020195456363374612,1,0,0,0,0.99660443372691176,0.00090138448971726595,0.9966045557225448,0.0009016285966400616,0.99660437241061783,0.00090126250590196876,0.99660437304757288,0.00090126236660976761,0,0
0,33949435,0.0086182147967273307,0.39958897724322179,1,0,0,0,0.99663824585491123,0.00089410290680266727,0.99660437304757288,0.00090126236660976761,0.99670580879461601,0.00087941775715817271,0.9966045557225448,0.0009016285966400616,0,0
0,36583290,0.11584436920439102,0.0034917216957632662,1,0,0,0,0.9962647758476213,0.00097463200934326272,0.99626481034642145,0.00097509618571101997,0.99626472753908302,0.00097440671331243043,0.99626478965735943,0.00097439312900633799,0,0
0,36583292,0.028737816808487426,0.0035005610698484548,1,0,0,0,0.99626480173023646,0.00097462634921572429,0.99626481034642145,0.00097509618571101997,0.99626478965735943,0.00097439312900633799,0.9962648051869285,0.00097438973292981491,0,0
0,36584826,0.022529836715500288,1.3070110854221817,1,0,0,0,0.99648003271357788,0.00092909709560914163,0.99657092248438406,0.0009116386234860758,0.9962648051869285,0.00097438973292981491,0.99660437046942163,0.00090126293041153417,0,0
0,36584827,0.025982805971585886,0.13401149289326553,1,0,0,0,0.99659328289211679,0.00090484338351255712,0.9966045557225448,0.0009016285966400616,0.99657092248438406,0.0009116386234860758,0.99660437046942163,0.00090126293041153417,0,0
0,36590977,0.074344084705227687,0.056437925764651856,1,0,0,0,0.99626820047471043,0.00097713788655250967,0.9962648051869285,0.00097438973292981491,0.99627498589078145,0.0009819277410166949,0.99626481034642145,0.00097509618571101997,0,0
0,36600186,0.094473077420928323,0.30542824218142361,1,0,0,0,0.9962327287317938,0.00098226037829253227,0.99626472753908302,0.00097440671331243043,0.99624993407469864,0.00098048058993555108,0.99618352458159987,0.0009918938316296152,0,0
0,36600187,0.097164993790729307,0.059642994995742014,1,0,0,0,0.99625982398673441,0.00097666116298633383,0.99626481034642145,0.00097509618571101997,0.99624993407469864,0.00098048058993555108,0.99626472753908302,0.00097440671331243043,0,0
0,36615547,0.1785527280377277,0.35947097978397258,1,0,0,0,0.99656548474748385,0.0009186836001566299,0.9966045557225448,0.0009016285966400616,0.9965209760355227,0.00094278358034375264,0.99657092248438406,0.0009116386234860758,0,0
0,36615548,0.17717241742103976,1.1695374664547291,1,0,0,0,0.99645223456894494,0.00094293731225321442,0.9962648051869285,0.00097438973292981491,0.99657092248438406,0.0009116386234860758,0.9965209760355227,0.00094278358034375264,0,0
0,36618620,0.17892909542851118,0.37627799646808946,1,0,0,0,0.99630170488989012,0.00097801226912679366,0.9962648051869285,0.00097438973292981491,0.99636532359196073,0.00097771933343387117,0.99627498589078145,0.0009819277410166949,0,0
