"PointID","x","y","z","Density","Momentum_x","Momentum_y","Momentum_z","Energy","Pressure","Temperature","Mach","Pressure_Coefficient","Velocity_x","Velocity_y","Velocity_z","Residual_Density","Residual_Momentum_x","Residual_Momentum_y","Residual_Momentum_z","Residual_Energy"
0, 0.000000000000000e+00, 0.000000000000000e+00, 0.000000000000000e+00, 1.173044216003665e+00, -6.226742078544519e-27, -5.890161425650222e-28, 3.519240393532667e+01, 2.538540378318569e+05, 1.013304542442015e+05, 3.009233946563522e+02, 8.626958919181323e-02, 8.407122093079136e-01, -5.308190427601975e-27, -5.021261215299167e-28, 3.000091851202369e+01, -0.000000000000000e+00, 2.214524859785645e-13, 3.582319626123838e-14, -1.136868377216160e-13, -3.637978807091713e-12
1, 0.000000000000000e+00, 0.000000000000000e+00, 5.000000000000000e-01, 1.150094228984583e+00, -8.670317618557126e-26, -2.733034901501702e-26, 3.450394533632205e+01, 2.538165725759219e+05, 1.013195986473326e+05, 3.068954020719863e+02, 8.542624103574208e-02, 8.367960488212752e-01, -7.538788909681028e-26, -2.376357373703802e-26, 3.000097250012771e+01, 2.395833333333264e-03, 3.884300288821881e-13, 2.096101070492296e-13, 7.187499999986358e-02, -3.685577502508604e+02
2, 0.000000000000000e+00, 0.000000000000000e+00, 1.000000000000000e+00, 1.126955670399113e+00, 1.270928545328870e-25, -4.254379452583931e-26, 3.380760392238919e+01, 2.538054060881176e+05, 1.013193232086484e+05, 3.131957011025420e+02, 8.455724357309467e-02, 8.366966842166068e-01, 1.127753804973330e-25, -3.775108075970047e-26, 2.999905392056475e+01, -2.775557561562891e-17, 3.221127068779121e-13, 2.001362039057615e-13, -1.136868377216160e-13, -7.275957614183426e-12
3, 0.000000000000000e+00, 0.000000000000000e+00, 1.500000000000000e+00, 1.149905620402897e+00, 7.970229860536985e-26, 3.042689102164457e-26, 3.449604800974104e+01, 2.538433841975229e+05, 1.013303841143464e+05, 3.069784137002628e+02, 8.540914669600445e-02, 8.406869099373662e-01, 6.931203499765851e-26, 2.646033768491693e-26, 2.999902548319966e+01, -2.395833333333319e-03, 5.210646728907401e-13, 3.232969447708456e-13, -7.187499999997726e-02, 3.685577502508459e+02
4, 0.000000000000000e+00, 0.000000000000000e+00, 2.000000000000000e+00, 1.173044216003665e+00, -6.226742078544519e-27, -5.890161425650222e-28, 3.519240393532667e+01, 2.538540378318569e+05, 1.013304542442015e+05, 3.009233946563522e+02, 8.626958919181323e-02, 8.407122093079136e-01, -5.308190427601975e-27, -5.021261215299167e-28, 3.000091851202369e+01, -0.000000000000000e+00, 2.214524859785645e-13, 3.582319626123838e-14, -1.136868377216160e-13, -3.637978807091713e-12
5, 2.500000000000000e-01, 0.000000000000000e+00, 0.000000000000000e+00, 1.173019403297135e+00, -5.625717059331761e-02, 6.158515818129928e-01, 3.533729777675913e+01, 2.541676607513128e+05, 1.014540913439495e+05, 3.012969357671745e+02, 8.658615042223923e-02, 8.853143376441371e-01, -4.795928390885041e-02, 5.250139768208018e-01, 3.012507523527120e+01, -0.000000000000000e+00, -2.153064521263996e+00, -4.547473508864641e-13, -0.000000000000000e+00, -0.000000000000000e+00
6, 2.500000000000000e-01, 0.000000000000000e+00, 5.000000000000000e-01, 1.150121814783797e+00, 5.531377089281390e-02, 5.752092653272867e-01, 3.453034708971425e+01, 2.538279053209836e+05, 1.013237616982620e+05, 3.069006506622686e+02, 8.550079606312720e-02, 8.382978709458958e-01, 4.809383682824234e-02, 5.001289932366129e-01, 3.002320853831066e+01, 9.040527343749997e-03, 7.009311406741525e-03, 1.557654536100017e-02, 2.232337771097853e+00, -1.936602916191805e+02
7, 2.500000000000000e-01, 0.000000000000000e+00, 1.000000000000000e+00, 1.126980453046647e+00, 5.639916711707971e-02, 5.353011786068926e-01, 3.366845823721334e+01, 2.534924910560267e+05, 1.011957764624329e+05, 3.128069176880047e+02, 8.427045134167863e-02, 7.921271509498191e-01, 5.004449452926341e-02, 4.749871012933497e-01, 2.987492653150727e+01, -1.387778780781446e-17, 4.319538577981954e+00, -0.000000000000000e+00, 4.429789868254375e-14, 5.456968210637569e-12
8, 2.500000000000000e-01, 0.000000000000000e+00, 1.500000000000000e+00, 1.149878017940668e+00, -5.512550524584244e-02, 5.747905295355260e-01, 3.446964415033374e+01, 2.538323362415310e+05, 1.013262186933217e+05, 3.069731632567710e+02, 8.535852583560823e-02, 8.391842328000206e-01, -4.794030704627910e-02, 4.998708737513969e-01, 2.997678328703586e+01, -9.040527343749910e-03, 7.009311407651020e-03, -1.557654536100017e-02, -2.232337771097765e+00, 1.936602916191878e+02
9, 2.500000000000000e-01, 0.000000000000000e+00, 2.000000000000000e+00, 1.173019403297135e+00, -5.625717059331761e-02, 6.158515818129928e-01, 3.533729777675913e+01, 2.541676607513128e+05, 1.014540913439495e+05, 3.012969357671745e+02, 8.658615042223923e-02, 8.853143376441371e-01, -4.795928390885041e-02, 5.250139768208018e-01, 3.012507523527120e+01, -0.000000000000000e+00, -2.153064521263996e+00, -4.547473508864641e-13, -0.000000000000000e+00, -0.000000000000000e+00
10, 5.000000000000000e-01, 0.000000000000000e+00, 0.000000000000000e+00, 1.172997781036812e+00, -5.011998828785617e-02, 1.231666586452257e+00, 3.548224911219417e+01, 2.544825907854523e+05, 1.015781152739145e+05, 3.016708209893465e+02, 8.692813778881839e-02, 9.300560151206615e-01, -4.272811858480684e-02, 1.050016126512693e+00, 3.024920395060887e+01, -1.110223024625157e-16, -3.993826818764926e+00, 9.094947017729282e-13, -4.547473508864641e-13, -5.820766091346741e-11
11, 5.000000000000000e-01, 0.000000000000000e+00, 5.000000000000000e-01, 1.150150945005487e+00, 1.132410875143503e-01, 1.150451510900886e+00, 3.455687299663778e+01, 2.538400077155672e+05, 1.013281149235957e+05, 3.069060628943419e+02, 8.559943204563220e-02, 8.398682985554412e-01, 9.845758768107617e-02, 1.000261327347253e+00, 3.004551111025947e+01, 2.335937499999925e-02, 3.395690178664632e-02, 7.009649732208345e-02, 8.886339355467776e+00, 1.403040947328609e+03
12, 5.000000000000000e-01, 0.000000000000000e+00, 1.000000000000000e+00, 1.127002056942080e+00, 5.050000312061725e-02, 1.070635952838133e+00, 3.352925592240199e+01, 2.531788480420734e+05, 1.010718306524356e+05, 3.124177990343006e+02, 8.400483115818665e-02, 7.474136552797824e-01, 4.480914902466108e-02, 9.499858019275610e-01, 2.975083826677093e+01, -3.330669073875470e-16, 8.051961009277116e+00, 9.094947017729282e-13, -9.050538096744276e-13, -8.731149137020111e-11
13, 5.000000000000000e-01, 0.000000000000000e+00, 1.500000000000000e+00, 1.149848878548246e+00, -1.128113271441131e-01, 1.149548095182394e+00, 3.444311520949297e+01, 2.538211014059556e+05, 1.013218634382557e+05, 3.069677477388867e+02, 8.533172275530902e-02, 8.376130729638188e-01, -9.810969880367607e-02, 9.997384148721946e-01, 2.995447128059079e+01, -2.335937499999981e-02, 3.395690178619157e-02, -7.009649732026446e-02, -8.886339355469586e+00, -1.403040947328784e+03
14, 5.000000000000000e-01, 0.000000000000000e+00, 2.000000000000000e+00, 1.172997781036812e+00, -5.011998828785617e-02, 1.231666586452257e+00, 3.548224911219417e+01, 2.544825907854523e+05, 1.015781152739145e+05, 3.016708209893465e+02, 8.692813778881839e-02, 9.300560151206615e-01, -4.272811858480684e-02, 1.050016126512693e+00, 3.024920395060887e+01, -1.110223024625157e-16, -3.993826818764926e+00, 9.094947017729282e-13, -4.547473508864641e-13, -5.820766091346741e-11
15, 7.500000000000000e-01, 0.000000000000000e+00, 0.000000000000000e+00, 1.172978324269436e+00, -5.033356969343510e-02, 1.847452942526234e+00, 3.562731529743819e+01, 2.547985029293241e+05, 1.017023943976379e+05, 3.020449202734511e+02, 8.729553701766674e-02, 9.748897538376239e-01, -4.291091203648991e-02, 1.575010300106680e+00, 3.037337908151704e+01, 2.220446049250313e-16, -6.017859695249893e+00, 4.547473508864641e-13, 4.547473508864641e-13, -0.000000000000000e+00
16, 7.500000000000000e-01, 0.000000000000000e+00, 5.000000000000000e-01, 1.150177924394352e+00, 1.653090815107980e-01, 1.725718189666486e+00, 3.458338553157606e+01, 2.538517367650597e+05, 1.013322024441298e+05, 3.069112440198392e+02, 8.572198394085312e-02, 8.413428730626870e-01, 1.437247907516957e-01, 1.500392376749184e+00, 3.006785715330660e+01, 4.177734374999960e-02, 7.693647628563235e-02, 1.681078294232066e-01, 1.967083868408232e+01, 4.815391755412631e+03
17, 7.500000000000000e-01, 0.000000000000000e+00, 1.000000000000000e+00, 1.127021700314607e+00, 5.091484609659692e-02, 1.605997506581044e+00, 3.338993377879072e+01, 2.528648396781706e+05, 1.009476309943075e+05, 3.120284534486603e+02, 8.376056845512141e-02, 7.026085838050152e-01, 4.517645585917654e-02, 1.424992532204776e+00, 2.962669997345212e+01, 2.775557561562891e-16, 1.217940023473572e+01, 1.818989403545856e-12, 8.695266728864226e-13, 8.731149137020111e-11
18, 7.500000000000000e-01, 0.000000000000000e+00, 1.500000000000000e+00, 1.149822104109687e+00, -1.646622412095593e-01, 1.724281633836472e+00, 3.441660582792471e+01, 2.538108845113269e+05, 1.013177995883130e+05, 3.069625834566901e+02, 8.532870250144031e-02, 8.361470376309386e-01, -1.432067105172396e-01, 1.499607311142789e+00, 2.993211358949622e+01, -4.177734374999889e-02, 7.693647628608710e-02, -1.681078294213876e-01, -1.967083868408057e+01, -4.815391755412427e+03
19, 7.500000000000000e-01, 0.000000000000000e+00, 2.000000000000000e+00, 1.172978324269436e+00, -5.033356969343510e-02, 1.847452942526234e+00, 3.562731529743819e+01, 2.547985029293241e+05, 1.017023943976379e+05, 3.020449202734511e+02, 8.729553701766674e-02, 9.748897538376239e-01, -4.291091203648991e-02, 1.575010300106680e+00, 3.037337908151704e+01, 2.220446049250313e-16, -6.017859695249893e+00, 4.547473508864641e-13, 4.547473508864641e-13, -0.000000000000000e+00
20, 1.000000000000000e+00, 0.000000000000000e+00, 0.000000000000000e+00, 1.172958074954616e+00, -1.078621702396872e-14, 2.463220487276056e+00, 3.576757418476770e+01, 2.551143648169866e+05, 1.018265758054275e+05, 3.024189460972167e+02, 8.767607279151146e-02, 1.019688241496209e+00, -9.195739604236118e-15, 2.100007272102512e+00, 3.049348049899535e+01, -0.000000000000000e+00, -0.000000000000000e+00, -4.427043134126163e-13, -4.096898204057369e-14, -0.000000000000000e+00
21, 1.000000000000000e+00, 0.000000000000000e+00, 5.000000000000000e-01, 1.150398797660505e+00, -9.740520643883441e-15, 2.301405743067150e+00, 3.461568496639434e+01, 2.539236362329764e+05, 1.013602153812349e+05, 3.069371462048263e+02, 8.586351357596382e-02, 8.514485502290240e-01, -8.467081731736978e-15, 2.000528640804717e+00, 3.009016093965861e+01, 5.907226562499962e-02, -0.000000000000000e+00, 2.070182143684388e-01, 1.712011047363259e+01, 1.358284726622454e+04
22, 1.000000000000000e+00, 0.000000000000000e+00, 1.000000000000000e+00, 1.127042142055240e+00, -9.251935389685849e-15, 2.141377003283060e+00, 3.325541815074275e+01, 2.525514894903008e+05, 1.008235298142173e+05, 3.116392050671215e+02, 8.354988686490275e-02, 6.578390383179230e-01, -8.209041210131061e-15, 1.899997279053035e+00, 2.950680982531778e+01, -3.469446951953614e-17, -0.000000000000000e+00, -6.642752370737935e-13, -7.655099571060119e-14, -9.094947017729282e-12
23, 1.000000000000000e+00, 0.000000000000000e+00, 1.500000000000000e+00, 1.149601443826543e+00, -1.090948729064465e-14, 2.298594738067148e+00, 3.438434650730141e+01, 2.537410817861448e+05, 1.012898277508192e+05, 3.069367408434569e+02, 8.535096654835995e-02, 8.260561871641964e-01, -9.489799572912440e-15, 1.999470990934115e+00, 2.990979760154987e+01, -5.907226562499975e-02, -0.000000000000000e+00, -2.070182143702159e-01, -1.712011047363275e+01, -1.358284726622456e+04
24, 1.000000000000000e+00, 0.000000000000000e+00, 2.000000000000000e+00, 1.172958074954616e+00, -1.078621702396872e-14, 2.463220487276056e+00, 3.576757418476770e+01, 2.551143648169866e+05, 1.018265758054275e+05, 3.024189460972167e+02, 8.767607279151146e-02, 1.019688241496209e+00, -9.195739604236118e-15, 2.100007272102512e+00, 3.049348049899535e+01, -0.000000000000000e+00, -0.000000000000000e+00, -4.427043134126163e-13, -4.096898204057369e-14, -0.000000000000000e+00
25, 2.165063509461097e-01, 1.250000000000000e-01, 0.000000000000000e+00, 1.173019403297135e+00, -3.566459297853443e-01, 5.052145295142236e-01, 3.533729777675913e+01, 2.541676607513128e+05, 1.014540913439495e+05, 3.012969357671745e+02, 8.658615042223923e-02, 8.853143376441371e-01, -3.040409466227755e-01, 4.306957993142836e-01, 3.012507523527120e+01, -0.000000000000000e+00, -1.864608571401391e+00, -1.076532260632348e+00, -0.000000000000000e+00, -0.000000000000000e+00
26, 2.165063509461097e-01, 1.250000000000000e-01, 5.000000000000000e-01, 1.150121814783797e+00, -2.397015018913543e-01, 5.258027217120207e-01, 3.453034708971425e+01, 2.538279053209836e+05, 1.013237616982620e+05, 3.069006506622686e+02, 8.550079606312720e-02, 8.382978709458958e-01, -2.084140121595850e-01, 4.571713317261636e-01, 3.002320853831066e+01, 9.040527343749997e-03, -1.718030939173332e-03, 1.699433968951780e-02, 2.232337771097853e+00, -1.936602916191805e+02
27, 2.165063509461097e-01, 1.250000000000000e-01, 1.000000000000000e+00, 1.126980453046647e+00, -2.188074778277713e-01, 4.917840029078600e-01, 3.366845823721334e+01, 2.534924910560267e+05, 1.011957764624329e+05, 3.128069176880047e+02, 8.427045134167863e-02, 7.921271509498191e-01, -1.941537470647813e-01, 4.363731434546049e-01, 2.987492653150727e+01, -1.387778780781446e-17, 3.740830141159677e+00, 2.159769288990901e+00, 4.429789868254375e-14, 5.456968210637569e-12
28, 2.165063509461097e-01, 1.250000000000000e-01, 1.500000000000000e+00, 1.149878017940668e+00, -3.351353527071148e-01, 4.702204478095540e-01, 3.446964415033374e+01, 2.538323362415310e+05, 1.013262186933217e+05, 3.069731632567710e+02, 8.535852583560823e-02, 8.391842328000206e-01, -2.914529606430022e-01, 4.089307217574941e-01, 2.997678328703586e+01, -9.040527343749910e-03, 1.385851442228159e-02, -9.985028282244457e-03, -2.232337771097765e+00, 1.936602916191878e+02
29, 2.165063509461097e-01, 1.250000000000000e-01, 2.000000000000000e+00, 1.173019403297135e+00, -3.566459297853443e-01, 5.052145295142236e-01, 3.533729777675913e+01, 2.541676607513128e+05, 1.014540913439495e+05, 3.012969357671745e+02, 8.658615042223923e-02, 8.853143376441371e-01, -3.040409466227755e-01, 4.306957993142836e-01, 3.012507523527120e+01, -0.000000000000000e+00, -1.864608571401391e+00, -1.076532260632348e+00, -0.000000000000000e+00, -0.000000000000000e+00
30, 4.330127018922194e-01, 2.500000000000000e-01, 0.000000000000000e+00, 1.172997781036812e+00, -6.592384763207904e-01, 1.041594558716189e+00, 3.548224911219417e+01, 2.544825907854523e+05, 1.015781152739145e+05, 3.016708209893465e+02, 8.692813778881839e-02, 9.300560151206615e-01, -5.620116994067030e-01, 8.879765806509236e-01, 3.024920395060887e+01, -1.110223024625157e-16, -3.458755483366417e+00, -1.996913409381705e+00, -4.547473508864641e-13, -5.820766091346741e-11
31, 4.330127018922194e-01, 2.500000000000000e-01, 5.000000000000000e-01, 1.150150945005487e+00, -4.771560969108388e-01, 1.052940778019533e+00, 3.455687299663778e+01, 2.538400077155672e+05, 1.013281149235957e+05, 3.069060628943419e+02, 8.559943204563220e-02, 8.398682985554412e-01, -4.148638915464809e-01, 9.154805137464018e-01, 3.004551111025947e+01, 2.335937499999925e-02, -5.640709079671069e-03, 7.768379829030891e-02, 8.886339355467776e+00, 1.403040947328609e+03
32, 4.330127018922194e-01, 2.500000000000000e-01, 1.000000000000000e+00, 1.127002056942080e+00, -4.915836908254185e-01, 9.524479349230901e-01, 3.352925592240199e+01, 2.531788480420734e+05, 1.010718306524356e+05, 3.124177990343006e+02, 8.400483115818665e-02, 7.474136552797824e-01, -4.361870395864613e-01, 8.451164122161304e-01, 2.975083826677093e+01, -3.330669073875470e-16, 6.973202784315617e+00, 4.025980504638937e+00, -9.050538096744276e-13, -8.731149137020111e-11
33, 4.330127018922194e-01, 2.500000000000000e-01, 1.500000000000000e+00, 1.149848878548246e+00, -6.724715227326359e-01, 9.391321897279086e-01, 3.444311520949297e+01, 2.538211014059556e+05, 1.013218634382557e+05, 3.069677477388867e+02, 8.533172275530902e-02, 8.376130729638188e-01, -5.848346989577204e-01, 8.167440150166690e-01, 2.995447128059079e+01, -2.335937499999981e-02, 6.445578824059339e-02, -4.372689650244865e-02, -8.886339355469586e+00, -1.403040947328784e+03
34, 4.330127018922194e-01, 2.500000000000000e-01, 2.000000000000000e+00, 1.172997781036812e+00, -6.592384763207904e-01, 1.041594558716189e+00, 3.548224911219417e+01, 2.544825907854523e+05, 1.015781152739145e+05, 3.016708209893465e+02, 8.692813778881839e-02, 9.300560151206615e-01, -5.620116994067030e-01, 8.879765806509236e-01, 3.024920395060887e+01, -1.110223024625157e-16, -3.458755483366417e+00, -1.996913409381705e+00, -4.547473508864641e-13, -5.820766091346741e-11
35, 6.495190528383290e-01, 3.749999999999999e-01, 0.000000000000000e+00, 1.172978324269436e+00, -9.673166212807862e-01, 1.574774395677314e+00, 3.562731529743819e+01, 2.547985029293241e+05, 1.017023943976379e+05, 3.020449202734511e+02, 8.729553701766674e-02, 9.748897538376239e-01, -8.246670899764993e-01, 1.342543475096292e+00, 3.037337908151704e+01, 2.220446049250313e-16, -5.211619372497012e+00, -3.008929847624813e+00, 4.547473508864641e-13, -0.000000000000000e+00
36, 6.495190528383290e-01, 3.749999999999999e-01, 5.000000000000000e-01, 1.150177924394352e+00, -7.196972307686194e-01, 1.577170332779468e+00, 3.458338553157606e+01, 2.538517367650597e+05, 1.013322024441298e+05, 3.069112440198392e+02, 8.572198394085312e-02, 8.413428730626870e-01, -6.257268684300208e-01, 1.371240309285154e+00, 3.006785715330660e+01, 4.177734374999960e-02, -1.742497177019686e-02, 1.840538889982781e-01, 1.967083868408232e+01, 4.815391755412631e+03
37, 6.495190528383290e-01, 3.749999999999999e-01, 1.000000000000000e+00, 1.127021700314607e+00, -7.589052031410941e-01, 1.416292062161949e+00, 3.338993377879072e+01, 2.528648396781706e+05, 1.009476309943075e+05, 3.120284534486603e+02, 8.376056845512141e-02, 7.026085838050152e-01, -6.733723076753949e-01, 1.256667961022039e+00, 2.962669997345212e+01, 2.775557561562891e-16, 1.054767000613856e+01, 6.089700117369830e+00, 8.695266728864226e-13, 8.731149137020111e-11
38, 6.495190528383290e-01, 3.749999999999999e-01, 1.500000000000000e+00, 1.149822104109687e+00, -1.004742500849795e+00, 1.410940577576543e+00, 3.441660582792471e+01, 2.538108845113269e+05, 1.013177995883130e+05, 3.069625834566901e+02, 8.532870250144031e-02, 8.361470376309386e-01, -8.738243048717279e-01, 1.227094671891910e+00, 2.993211358949622e+01, -4.177734374999889e-02, 1.506828576521002e-01, -1.071174127109771e-01, -1.967083868408057e+01, -4.815391755412427e+03
39, 6.495190528383290e-01, 3.749999999999999e-01, 2.000000000000000e+00, 1.172978324269436e+00, -9.673166212807862e-01, 1.574774395677314e+00, 3.562731529743819e+01, 2.547985029293241e+05, 1.017023943976379e+05, 3.020449202734511e+02, 8.729553701766674e-02, 9.748897538376239e-01, -8.246670899764993e-01, 1.342543475096292e+00, 3.037337908151704e+01, 2.220446049250313e-16, -5.211619372497012e+00, -3.008929847624813e+00, 4.547473508864641e-13, -0.000000000000000e+00
40, 8.660254037844387e-01, 4.999999999999999e-01, 0.000000000000000e+00, 1.172958074954616e+00, -1.231610243638037e+00, 2.133211517103343e+00, 3.576757418476770e+01, 2.551143648169866e+05, 1.018265758054275e+05, 3.024189460972167e+02, 8.767607279151146e-02, 1.019688241496209e+00, -1.050003636051264e+00, 1.818659645772831e+00, 3.049348049899535e+01, -0.000000000000000e+00, -9.747335623827769e-13, -1.465885852907161e-12, -4.096898204057371e-14, -0.000000000000000e+00
41, 8.660254037844387e-01, 4.999999999999999e-01, 5.000000000000000e-01, 1.150398797660505e+00, -1.150702871533583e+00, 1.993075837911550e+00, 3.461568496639434e+01, 2.539236362329764e+05, 1.013602153812349e+05, 3.069371462048263e+02, 8.586351357596382e-02, 8.514485502290240e-01, -1.000264320402366e+00, 1.732508623935236e+00, 3.009016093965861e+01, 5.907226562499962e-02, -1.035091071864720e-01, 1.792830326874292e-01, 1.712011047363259e+01, 1.358284726622454e+04
42, 8.660254037844387e-01, 4.999999999999999e-01, 1.000000000000000e+00, 1.127042142055240e+00, -1.070688501641538e+00, 1.854486883922919e+00, 3.325541815074275e+01, 2.525514894903008e+05, 1.008235298142173e+05, 3.116392050671215e+02, 8.354988686490275e-02, 6.578390383179230e-01, -9.499986395265245e-01, 1.645445910781236e+00, 2.950680982531778e+01, -3.469446951953614e-17, -1.949225013674549e-12, -2.028517289733186e-12, -7.655099571060122e-14, -9.094947017729282e-12
43, 8.660254037844387e-01, 4.999999999999999e-01, 1.500000000000000e+00, 1.149601443826543e+00, -1.149297369033583e+00, 1.990641436171382e+00, 3.438434650730141e+01, 2.537410817861448e+05, 1.012898277508192e+05, 3.069367408434569e+02, 8.535096654835995e-02, 8.260561871641964e-01, -9.997354954670655e-01, 1.731592672278984e+00, 2.990979760154987e+01, -5.907226562499975e-02, 1.035091071824006e-01, -1.792830326923895e-01, -1.712011047363275e+01, -1.358284726622456e+04
44, 8.660254037844387e-01, 4.999999999999999e-01, 2.000000000000000e+00, 1.172958074954616e+00, -1.231610243638037e+00, 2.133211517103343e+00, 3.576757418476770e+01, 2.551143648169866e+05, 1.018265758054275e+05, 3.024189460972167e+02, 8.767607279151146e-02, 1.019688241496209e+00, -1.050003636051264e+00, 1.818659645772831e+00, 3.049348049899535e+01, -0.000000000000000e+00, -9.747335623827769e-13, -1.465885852907161e-12, -4.096898204057371e-14, -0.000000000000000e+00
