PointID,x,y,z,Density,Momentum_x,Momentum_y,Momentum_z,Energy
0, 2.99999999999999989e-01, 0.00000000000000000e+00, 0.00000000000000000e+00,1.17299999999999982e+00,0.00000000000000000e+00,7.38989999999999925e-01,3.53659499999999909e+01,2.54225843228100013e+05
1, 2.99999999999999989e-01, 0.00000000000000000e+00, 5.00000000000000000e-01,1.14999999999999991e+00,6.89999999999999919e-02,6.89999999999999947e-01,3.45000000000000000e+01,2.53830209070000012e+05
2, 2.99999999999999989e-01, 0.00000000000000000e+00, 1.00000000000000000e+00,1.12700000000000000e+00,8.28106165583440211e-18,6.42389999999999906e-01,3.36409500000000037e+01,2.53434805509900034e+05
3, 2.99999999999999989e-01, 0.00000000000000000e+00, 1.50000000000000000e+00,1.14999999999999991e+00,-6.89999999999999919e-02,6.89999999999999947e-01,3.45000000000000000e+01,2.53830209070000012e+05
4, 2.99999999999999989e-01, 0.00000000000000000e+00, 2.00000000000000000e+00,1.17299999999999982e+00,-1.72381283447981403e-17,7.38989999999999925e-01,3.53659499999999909e+01,2.54225843228100013e+05
5, 4.74999999999999978e-01, 0.00000000000000000e+00, 0.00000000000000000e+00,1.17299999999999982e+00,0.00000000000000000e+00,1.17006749999999982e+00,3.54685874999999982e+01,2.54450941465931246e+05
6, 4.74999999999999978e-01, 0.00000000000000000e+00, 5.00000000000000000e-01,1.14999999999999991e+00,1.09249999999999986e-01,1.09249999999999980e+00,3.45000000000000000e+01,2.53830524126875011e+05
7, 4.74999999999999978e-01, 0.00000000000000000e+00, 1.00000000000000000e+00,1.12700000000000000e+00,1.31116809550711383e-17,1.01711749999999990e+00,3.35423375000000021e+01,2.53210493696693709e+05
8, 4.74999999999999978e-01, 0.00000000000000000e+00, 1.50000000000000000e+00,1.14999999999999991e+00,-1.09249999999999986e-01,1.09249999999999980e+00,3.45000000000000000e+01,2.53830524126875011e+05
9, 4.74999999999999978e-01, 0.00000000000000000e+00, 2.00000000000000000e+00,1.17299999999999982e+00,-2.72937032125970571e-17,1.17006749999999982e+00,3.54685874999999982e+01,2.54450941465931246e+05
10, 6.49999999999999911e-01, 0.00000000000000000e+00, 0.00000000000000000e+00,1.17299999999999982e+00,0.00000000000000000e+00,1.60114499999999937e+00,3.55712249999999912e+01,2.54676207105524983e+05
11, 6.49999999999999911e-01, 0.00000000000000000e+00, 5.00000000000000000e-01,1.14999999999999991e+00,1.49499999999999966e-01,1.49499999999999966e+00,3.45000000000000000e+01,2.53830981467500009e+05
12, 6.49999999999999911e-01, 0.00000000000000000e+00, 1.00000000000000000e+00,1.12700000000000000e+00,1.79423002543078699e-17,1.39184499999999978e+00,3.34437250000000006e+01,2.52986315108974988e+05
13, 6.49999999999999911e-01, 0.00000000000000000e+00, 1.50000000000000000e+00,1.14999999999999991e+00,-1.49499999999999966e-01,1.49499999999999966e+00,3.45000000000000000e+01,2.53830981467500009e+05
14, 6.49999999999999911e-01, 0.00000000000000000e+00, 2.00000000000000000e+00,1.17299999999999982e+00,-3.73492780803959676e-17,1.60114499999999937e+00,3.55712249999999912e+01,2.54676207105524983e+05
15, 8.24999999999999956e-01, 0.00000000000000000e+00, 0.00000000000000000e+00,1.17299999999999982e+00,0.00000000000000000e+00,2.03222249999999960e+00,3.56738624999999985e+01,2.54901640146881226e+05
16, 8.24999999999999956e-01, 0.00000000000000000e+00, 5.00000000000000000e-01,1.14999999999999991e+00,1.89750000000000002e-01,1.89749999999999974e+00,3.45000000000000000e+01,2.53831581091875007e+05
17, 8.24999999999999956e-01, 0.00000000000000000e+00, 1.00000000000000000e+00,1.12700000000000000e+00,2.27729195535446077e-17,1.76657249999999988e+00,3.33451124999999990e+01,2.52762269746743725e+05
18, 8.24999999999999956e-01, 0.00000000000000000e+00, 1.50000000000000000e+00,1.14999999999999991e+00,-1.89750000000000002e-01,1.89749999999999974e+00,3.45000000000000000e+01,2.53831581091875007e+05
19, 8.24999999999999956e-01, 0.00000000000000000e+00, 2.00000000000000000e+00,1.17299999999999982e+00,-4.74048529481948905e-17,2.03222249999999960e+00,3.56738624999999985e+01,2.54901640146881226e+05
20, 1.00000000000000000e+00, 0.00000000000000000e+00, 0.00000000000000000e+00,1.17299999999999982e+00,0.00000000000000000e+00,2.46329999999999982e+00,3.57764999999999915e+01,2.55127240589999943e+05
21, 1.00000000000000000e+00, 0.00000000000000000e+00, 5.00000000000000000e-01,1.14999999999999991e+00,2.29999999999999982e-01,2.29999999999999982e+00,3.45000000000000000e+01,2.53832323000000004e+05
22, 1.00000000000000000e+00, 0.00000000000000000e+00, 1.00000000000000000e+00,1.12700000000000000e+00,2.76035388527813424e-17,2.14129999999999976e+00,3.32464999999999975e+01,2.52538357610000006e+05
23, 1.00000000000000000e+00, 0.00000000000000000e+00, 1.50000000000000000e+00,1.14999999999999991e+00,-2.29999999999999982e-01,2.29999999999999982e+00,3.45000000000000000e+01,2.53832323000000004e+05
24, 1.00000000000000000e+00, 0.00000000000000000e+00, 2.00000000000000000e+00,1.17299999999999982e+00,-5.74604278159938011e-17,2.46329999999999982e+00,3.57764999999999915e+01,2.55127240589999943e+05
25, 2.59807621135331623e-01, 1.49999999999999967e-01, 0.00000000000000000e+00,1.17299999999999982e+00,-3.69494999999999907e-01,6.39984113142662348e-01,3.53659499999999909e+01,2.54225843228100013e+05
26, 2.59807621135331623e-01, 1.49999999999999967e-01, 5.00000000000000000e-01,1.14999999999999991e+00,-2.85244247138873641e-01,6.32057528611262742e-01,3.45000000000000000e+01,2.53830209070000012e+05
27, 2.59807621135331623e-01, 1.49999999999999967e-01, 1.00000000000000000e+00,1.12700000000000000e+00,-3.21194999999999897e-01,5.56326059137085549e-01,3.36409500000000037e+01,2.53434805509900034e+05
28, 2.59807621135331623e-01, 1.49999999999999967e-01, 1.50000000000000000e+00,1.14999999999999991e+00,-4.04755752861126195e-01,5.63057528611262681e-01,3.45000000000000000e+01,2.53830209070000012e+05
29, 2.59807621135331623e-01, 1.49999999999999967e-01, 2.00000000000000000e+00,1.17299999999999982e+00,-3.69494999999999907e-01,6.39984113142662348e-01,3.53659499999999909e+01,2.54225843228100013e+05
30, 4.11362066797608394e-01, 2.37499999999999961e-01, 0.00000000000000000e+00,1.17299999999999982e+00,-5.85033749999999908e-01,1.01330817914254867e+00,3.54685874999999982e+01,2.54450941465931246e+05
31, 4.11362066797608394e-01, 2.37499999999999961e-01, 5.00000000000000000e-01,1.14999999999999991e+00,-4.51636724636549969e-01,1.00075775363449915e+00,3.45000000000000000e+01,2.53830524126875011e+05
32, 4.11362066797608394e-01, 2.37499999999999961e-01, 1.00000000000000000e+00,1.12700000000000000e+00,-5.08558749999999837e-01,8.80849593633718730e-01,3.35423375000000021e+01,2.53210493696693709e+05
33, 4.11362066797608394e-01, 2.37499999999999961e-01, 1.50000000000000000e+00,1.14999999999999991e+00,-6.40863275363449780e-01,8.91507753634499300e-01,3.45000000000000000e+01,2.53830524126875011e+05
34, 4.11362066797608394e-01, 2.37499999999999961e-01, 2.00000000000000000e+00,1.17299999999999982e+00,-5.85033749999999908e-01,1.01330817914254867e+00,3.54685874999999982e+01,2.54450941465931246e+05
35, 5.62916512459885054e-01, 3.24999999999999900e-01, 0.00000000000000000e+00,1.17299999999999982e+00,-8.00572499999999576e-01,1.38663224514243466e+00,3.55712249999999912e+01,2.54676207105524983e+05
36, 5.62916512459885054e-01, 3.24999999999999900e-01, 5.00000000000000000e-01,1.14999999999999991e+00,-6.18029202134226185e-01,1.36945797865773544e+00,3.45000000000000000e+01,2.53830981467500009e+05
37, 5.62916512459885054e-01, 3.24999999999999900e-01, 1.00000000000000000e+00,1.12700000000000000e+00,-6.95922499999999777e-01,1.20537312813035213e+00,3.34437250000000006e+01,2.52986315108974988e+05
38, 5.62916512459885054e-01, 3.24999999999999900e-01, 1.50000000000000000e+00,1.14999999999999991e+00,-8.76970797865773255e-01,1.21995797865773570e+00,3.45000000000000000e+01,2.53830981467500009e+05
39, 5.62916512459885054e-01, 3.24999999999999900e-01, 2.00000000000000000e+00,1.17299999999999982e+00,-8.00572499999999576e-01,1.38663224514243466e+00,3.55712249999999912e+01,2.54676207105524983e+05
40, 7.14470958122161881e-01, 4.12499999999999922e-01, 0.00000000000000000e+00,1.17299999999999982e+00,-1.01611124999999958e+00,1.75995631114232109e+00,3.56738624999999985e+01,2.54901640146881226e+05
41, 7.14470958122161881e-01, 4.12499999999999922e-01, 5.00000000000000000e-01,1.14999999999999991e+00,-7.84421679631902458e-01,1.73815820368097218e+00,3.45000000000000000e+01,2.53831581091875007e+05
42, 7.14470958122161881e-01, 4.12499999999999922e-01, 1.00000000000000000e+00,1.12700000000000000e+00,-8.83286249999999828e-01,1.52989666262698520e+00,3.33451124999999990e+01,2.52762269746743725e+05
43, 7.14470958122161881e-01, 4.12499999999999922e-01, 1.50000000000000000e+00,1.14999999999999991e+00,-1.11307832036809695e+00,1.54840820368097210e+00,3.45000000000000000e+01,2.53831581091875007e+05
44, 7.14470958122161881e-01, 4.12499999999999922e-01, 2.00000000000000000e+00,1.17299999999999982e+00,-1.01611124999999958e+00,1.75995631114232109e+00,3.56738624999999985e+01,2.54901640146881226e+05
45, 8.66025403784438708e-01, 4.99999999999999944e-01, 0.00000000000000000e+00,1.17299999999999982e+00,-1.23164999999999969e+00,2.13328037714220731e+00,3.57764999999999915e+01,2.55127240589999943e+05
46, 8.66025403784438708e-01, 4.99999999999999944e-01, 5.00000000000000000e-01,1.14999999999999991e+00,-9.50814157129578841e-01,2.10685842870420892e+00,3.45000000000000000e+01,2.53832323000000004e+05
47, 8.66025403784438708e-01, 4.99999999999999944e-01, 1.00000000000000000e+00,1.12700000000000000e+00,-1.07064999999999988e+00,1.85442019712361872e+00,3.32464999999999975e+01,2.52538357610000006e+05
48, 8.66025403784438708e-01, 4.99999999999999944e-01, 1.50000000000000000e+00,1.14999999999999991e+00,-1.34918584287042065e+00,1.87685842870420871e+00,3.45000000000000000e+01,2.53832323000000004e+05
49, 8.66025403784438708e-01, 4.99999999999999944e-01, 2.00000000000000000e+00,1.17299999999999982e+00,-1.23164999999999969e+00,2.13328037714220731e+00,3.57764999999999915e+01,2.55127240589999943e+05
50, 1.50000000000000022e-01, 2.59807621135331568e-01, 0.00000000000000000e+00,1.17299999999999982e+00,-6.39984113142662125e-01,3.69495000000000018e-01,3.53659499999999909e+01,2.54225843228100013e+05
51, 1.50000000000000022e-01, 2.59807621135331568e-01, 5.00000000000000000e-01,1.14999999999999991e+00,-5.63057528611262570e-01,4.04755752861126250e-01,3.45000000000000000e+01,2.53830209070000012e+05
52, 1.50000000000000022e-01, 2.59807621135331568e-01, 1.00000000000000000e+00,1.12700000000000000e+00,-5.56326059137085438e-01,3.21195000000000008e-01,3.36409500000000037e+01,2.53434805509900034e+05
53, 1.50000000000000022e-01, 2.59807621135331568e-01, 1.50000000000000000e+00,1.14999999999999991e+00,-6.32057528611262631e-01,2.85244247138873752e-01,3.45000000000000000e+01,2.53830209070000012e+05
54, 1.50000000000000022e-01, 2.59807621135331568e-01, 2.00000000000000000e+00,1.17299999999999982e+00,-6.39984113142662125e-01,3.69495000000000018e-01,3.53659499999999909e+01,2.54225843228100013e+05
55, 2.37500000000000044e-01, 4.11362066797608339e-01, 0.00000000000000000e+00,1.17299999999999982e+00,-1.01330817914254867e+00,5.85033750000000130e-01,3.54685874999999982e+01,2.54450941465931246e+05
56, 2.37500000000000044e-01, 4.11362066797608339e-01, 5.00000000000000000e-01,1.14999999999999991e+00,-8.91507753634499078e-01,6.40863275363450002e-01,3.45000000000000000e+01,2.53830524126875011e+05
57, 2.37500000000000044e-01, 4.11362066797608339e-01, 1.00000000000000000e+00,1.12700000000000000e+00,-8.80849593633718619e-01,5.08558750000000059e-01,3.35423375000000021e+01,2.53210493696693709e+05
58, 2.37500000000000044e-01, 4.11362066797608339e-01, 1.50000000000000000e+00,1.14999999999999991e+00,-1.00075775363449915e+00,4.51636724636550191e-01,3.45000000000000000e+01,2.53830524126875011e+05
59, 2.37500000000000044e-01, 4.11362066797608339e-01, 2.00000000000000000e+00,1.17299999999999982e+00,-1.01330817914254867e+00,5.85033750000000130e-01,3.54685874999999982e+01,2.54450941465931246e+05
60, 3.25000000000000011e-01, 5.62916512459885054e-01, 0.00000000000000000e+00,1.17299999999999982e+00,-1.38663224514243466e+00,8.00572500000000020e-01,3.55712249999999912e+01,2.54676207105524983e+05
61, 3.25000000000000011e-01, 5.62916512459885054e-01, 5.00000000000000000e-01,1.14999999999999991e+00,-1.21995797865773570e+00,8.76970797865773477e-01,3.45000000000000000e+01,2.53830981467500009e+05
62, 3.25000000000000011e-01, 5.62916512459885054e-01, 1.00000000000000000e+00,1.12700000000000000e+00,-1.20537312813035147e+00,6.95922499999999888e-01,3.34437250000000006e+01,2.52986315108974988e+05
63, 3.25000000000000011e-01, 5.62916512459885054e-01, 1.50000000000000000e+00,1.14999999999999991e+00,-1.36945797865773544e+00,6.18029202134226407e-01,3.45000000000000000e+01,2.53830981467500009e+05
64, 3.25000000000000011e-01, 5.62916512459885054e-01, 2.00000000000000000e+00,1.17299999999999982e+00,-1.38663224514243466e+00,8.00572500000000020e-01,3.55712249999999912e+01,2.54676207105524983e+05
65, 4.12500000000000089e-01, 7.14470958122161770e-01, 0.00000000000000000e+00,1.17299999999999982e+00,-1.75995631114232087e+00,1.01611125000000002e+00,3.56738624999999985e+01,2.54901640146881226e+05
66, 4.12500000000000089e-01, 7.14470958122161770e-01, 5.00000000000000000e-01,1.14999999999999991e+00,-1.54840820368097187e+00,1.11307832036809740e+00,3.45000000000000000e+01,2.53831581091875007e+05
67, 4.12500000000000089e-01, 7.14470958122161770e-01, 1.00000000000000000e+00,1.12700000000000000e+00,-1.52989666262698498e+00,8.83286250000000162e-01,3.33451124999999990e+01,2.52762269746743725e+05
68, 4.12500000000000089e-01, 7.14470958122161770e-01, 1.50000000000000000e+00,1.14999999999999991e+00,-1.73815820368097196e+00,7.84421679631902902e-01,3.45000000000000000e+01,2.53831581091875007e+05
69, 4.12500000000000089e-01, 7.14470958122161770e-01, 2.00000000000000000e+00,1.17299999999999982e+00,-1.75995631114232087e+00,1.01611125000000002e+00,3.56738624999999985e+01,2.54901640146881226e+05
70, 5.00000000000000111e-01, 8.66025403784438597e-01, 0.00000000000000000e+00,1.17299999999999982e+00,-2.13328037714220731e+00,1.23165000000000013e+00,3.57764999999999915e+01,2.55127240589999943e+05
71, 5.00000000000000111e-01, 8.66025403784438597e-01, 5.00000000000000000e-01,1.14999999999999991e+00,-1.87685842870420849e+00,1.34918584287042087e+00,3.45000000000000000e+01,2.53832323000000004e+05
72, 5.00000000000000111e-01, 8.66025403784438597e-01, 1.00000000000000000e+00,1.12700000000000000e+00,-1.85442019712361850e+00,1.07065000000000010e+00,3.32464999999999975e+01,2.52538357610000006e+05
73, 5.00000000000000111e-01, 8.66025403784438597e-01, 1.50000000000000000e+00,1.14999999999999991e+00,-2.10685842870420892e+00,9.50814157129579396e-01,3.45000000000000000e+01,2.53832323000000004e+05
74, 5.00000000000000111e-01, 8.66025403784438597e-01, 2.00000000000000000e+00,1.17299999999999982e+00,-2.13328037714220731e+00,1.23165000000000013e+00,3.57764999999999915e+01,2.55127240589999943e+05
75, 1.83697019872102975e-17, 2.99999999999999989e-01, 0.00000000000000000e+00,1.17299999999999982e+00,-7.38989999999999925e-01,4.52500869050951222e-17,3.53659499999999909e+01,2.54225843228100013e+05
76, 1.83697019872102975e-17, 2.99999999999999989e-01, 5.00000000000000000e-01,1.14999999999999991e+00,-6.89999999999999947e-01,6.90000000000000335e-02,3.45000000000000000e+01,2.53830209070000012e+05
77, 1.83697019872102975e-17, 2.99999999999999989e-01, 1.00000000000000000e+00,1.12700000000000000e+00,-6.42389999999999906e-01,4.76161045210478063e-17,3.36409500000000037e+01,2.53434805509900034e+05
78, 1.83697019872102975e-17, 2.99999999999999989e-01, 1.50000000000000000e+00,1.14999999999999991e+00,-6.89999999999999947e-01,-6.89999999999999503e-02,3.45000000000000000e+01,2.53830209070000012e+05
79, 1.83697019872102975e-17, 2.99999999999999989e-01, 2.00000000000000000e+00,1.17299999999999982e+00,-7.38989999999999925e-01,2.80119585602969819e-17,3.53659499999999909e+01,2.54225843228100013e+05
80, 2.90853614797496359e-17, 4.74999999999999978e-01, 0.00000000000000000e+00,1.17299999999999982e+00,-1.17006749999999982e+00,7.16459709330672686e-17,3.54685874999999982e+01,2.54450941465931246e+05
81, 2.90853614797496359e-17, 4.74999999999999978e-01, 5.00000000000000000e-01,1.14999999999999991e+00,-1.09249999999999980e+00,1.09250000000000055e-01,3.45000000000000000e+01,2.53830524126875011e+05
82, 2.90853614797496359e-17, 4.74999999999999978e-01, 1.00000000000000000e+00,1.12700000000000000e+00,-1.01711749999999990e+00,7.53921654916590462e-17,3.35423375000000021e+01,2.53210493696693709e+05
83, 2.90853614797496359e-17, 4.74999999999999978e-01, 1.50000000000000000e+00,1.14999999999999991e+00,-1.09249999999999980e+00,-1.09249999999999931e-01,3.45000000000000000e+01,2.53830524126875011e+05
84, 2.90853614797496359e-17, 4.74999999999999978e-01, 2.00000000000000000e+00,1.17299999999999982e+00,-1.17006749999999982e+00,4.43522677204702177e-17,3.54685874999999982e+01,2.54450941465931246e+05
85, 3.98010209722889712e-17, 6.49999999999999911e-01, 0.00000000000000000e+00,1.17299999999999982e+00,-1.60114499999999937e+00,9.80418549610394027e-17,3.55712249999999912e+01,2.54676207105524983e+05
86, 3.98010209722889712e-17, 6.49999999999999911e-01, 5.00000000000000000e-01,1.14999999999999991e+00,-1.49499999999999966e+00,1.49500000000000050e-01,3.45000000000000000e+01,2.53830981467500009e+05
87, 3.98010209722889712e-17, 6.49999999999999911e-01, 1.00000000000000000e+00,1.12700000000000000e+00,-1.39184499999999978e+00,1.03168226462270249e-16,3.34437250000000006e+01,2.52986315108974988e+05
88, 3.98010209722889712e-17, 6.49999999999999911e-01, 1.50000000000000000e+00,1.14999999999999991e+00,-1.49499999999999966e+00,-1.49499999999999855e-01,3.45000000000000000e+01,2.53830981467500009e+05
89, 3.98010209722889712e-17, 6.49999999999999911e-01, 2.00000000000000000e+00,1.17299999999999982e+00,-1.60114499999999937e+00,6.06925768806434351e-17,3.55712249999999912e+01,2.54676207105524983e+05
90, 5.05166804648283189e-17, 8.24999999999999956e-01, 0.00000000000000000e+00,1.17299999999999982e+00,-2.03222249999999960e+00,1.24437738989011561e-16,3.56738624999999985e+01,2.54901640146881226e+05
91, 5.05166804648283189e-17, 8.24999999999999956e-01, 5.00000000000000000e-01,1.14999999999999991e+00,-1.89749999999999974e+00,1.89750000000000113e-01,3.45000000000000000e+01,2.53831581091875007e+05
92, 5.05166804648283189e-17, 8.24999999999999956e-01, 1.00000000000000000e+00,1.12700000000000000e+00,-1.76657249999999988e+00,1.30944287432881477e-16,3.33451124999999990e+01,2.52762269746743725e+05
93, 5.05166804648283189e-17, 8.24999999999999956e-01, 1.50000000000000000e+00,1.14999999999999991e+00,-1.89749999999999974e+00,-1.89749999999999863e-01,3.45000000000000000e+01,2.53831581091875007e+05
94, 5.05166804648283189e-17, 8.24999999999999956e-01, 2.00000000000000000e+00,1.17299999999999982e+00,-2.03222249999999960e+00,7.70328860408166833e-17,3.56738624999999985e+01,2.54901640146881226e+05
95, 6.12323399573676604e-17, 1.00000000000000000e+00, 0.00000000000000000e+00,1.17299999999999982e+00,-2.46329999999999982e+00,1.50833623016983757e-16,3.57764999999999915e+01,2.55127240589999943e+05
96, 6.12323399573676604e-17, 1.00000000000000000e+00, 5.00000000000000000e-01,1.14999999999999991e+00,-2.29999999999999982e+00,2.30000000000000121e-01,3.45000000000000000e+01,2.53832323000000004e+05
97, 6.12323399573676604e-17, 1.00000000000000000e+00, 1.00000000000000000e+00,1.12700000000000000e+00,-2.14129999999999976e+00,1.58720348403492704e-16,3.32464999999999975e+01,2.52538357610000006e+05
98, 6.12323399573676604e-17, 1.00000000000000000e+00, 1.50000000000000000e+00,1.14999999999999991e+00,-2.29999999999999982e+00,-2.29999999999999871e-01,3.45000000000000000e+01,2.53832323000000004e+05
99, 6.12323399573676604e-17, 1.00000000000000000e+00, 2.00000000000000000e+00,1.17299999999999982e+00,-2.46329999999999982e+00,9.33731952009899438e-17,3.57764999999999915e+01,2.55127240589999943e+05
100, -1.49999999999999939e-01, 2.59807621135331623e-01, 0.00000000000000000e+00,1.17299999999999982e+00,-6.39984113142662348e-01,-3.69494999999999796e-01,3.53659499999999909e+01,2.54225843228100013e+05
101, -1.49999999999999939e-01, 2.59807621135331623e-01, 5.00000000000000000e-01,1.14999999999999991e+00,-6.32057528611262742e-01,-2.85244247138873586e-01,3.45000000000000000e+01,2.53830209070000012e+05
102, -1.49999999999999939e-01, 2.59807621135331623e-01, 1.00000000000000000e+00,1.12700000000000000e+00,-5.56326059137085549e-01,-3.21194999999999842e-01,3.36409500000000037e+01,2.53434805509900034e+05
103, -1.49999999999999939e-01, 2.59807621135331623e-01, 1.50000000000000000e+00,1.14999999999999991e+00,-5.63057528611262681e-01,-4.04755752861126139e-01,3.45000000000000000e+01,2.53830209070000012e+05
104, -1.49999999999999939e-01, 2.59807621135331623e-01, 2.00000000000000000e+00,1.17299999999999982e+00,-6.39984113142662348e-01,-3.69494999999999796e-01,3.53659499999999909e+01,2.54225843228100013e+05
105, -2.37499999999999878e-01, 4.11362066797608394e-01, 0.00000000000000000e+00,1.17299999999999982e+00,-1.01330817914254867e+00,-5.85033749999999686e-01,3.54685874999999982e+01,2.54450941465931246e+05
106, -2.37499999999999878e-01, 4.11362066797608394e-01, 5.00000000000000000e-01,1.14999999999999991e+00,-1.00075775363449915e+00,-4.51636724636549747e-01,3.45000000000000000e+01,2.53830524126875011e+05
107, -2.37499999999999878e-01, 4.11362066797608394e-01, 1.00000000000000000e+00,1.12700000000000000e+00,-8.80849593633718730e-01,-5.08558749999999615e-01,3.35423375000000021e+01,2.53210493696693709e+05
108, -2.37499999999999878e-01, 4.11362066797608394e-01, 1.50000000000000000e+00,1.14999999999999991e+00,-8.91507753634499300e-01,-6.40863275363449669e-01,3.45000000000000000e+01,2.53830524126875011e+05
109, -2.37499999999999878e-01, 4.11362066797608394e-01, 2.00000000000000000e+00,1.17299999999999982e+00,-1.01330817914254867e+00,-5.85033749999999686e-01,3.54685874999999982e+01,2.54450941465931246e+05
110, -3.24999999999999789e-01, 5.62916512459885054e-01, 0.00000000000000000e+00,1.17299999999999982e+00,-1.38663224514243466e+00,-8.00572499999999354e-01,3.55712249999999912e+01,2.54676207105524983e+05
111, -3.24999999999999789e-01, 5.62916512459885054e-01, 5.00000000000000000e-01,1.14999999999999991e+00,-1.36945797865773544e+00,-6.18029202134225852e-01,3.45000000000000000e+01,2.53830981467500009e+05
112, -3.24999999999999789e-01, 5.62916512459885054e-01, 1.00000000000000000e+00,1.12700000000000000e+00,-1.20537312813035213e+00,-6.95922499999999555e-01,3.34437250000000006e+01,2.52986315108974988e+05
113, -3.24999999999999789e-01, 5.62916512459885054e-01, 1.50000000000000000e+00,1.14999999999999991e+00,-1.21995797865773570e+00,-8.76970797865773033e-01,3.45000000000000000e+01,2.53830981467500009e+05
114, -3.24999999999999789e-01, 5.62916512459885054e-01, 2.00000000000000000e+00,1.17299999999999982e+00,-1.38663224514243466e+00,-8.00572499999999354e-01,3.55712249999999912e+01,2.54676207105524983e+05
115, -4.12499999999999811e-01, 7.14470958122161881e-01, 0.00000000000000000e+00,1.17299999999999982e+00,-1.75995631114232109e+00,-1.01611124999999936e+00,3.56738624999999985e+01,2.54901640146881226e+05
116, -4.12499999999999811e-01, 7.14470958122161881e-01, 5.00000000000000000e-01,1.14999999999999991e+00,-1.73815820368097218e+00,-7.84421679631902236e-01,3.45000000000000000e+01,2.53831581091875007e+05
117, -4.12499999999999811e-01, 7.14470958122161881e-01, 1.00000000000000000e+00,1.12700000000000000e+00,-1.52989666262698520e+00,-8.83286249999999606e-01,3.33451124999999990e+01,2.52762269746743725e+05
118, -4.12499999999999811e-01, 7.14470958122161881e-01, 1.50000000000000000e+00,1.14999999999999991e+00,-1.54840820368097210e+00,-1.11307832036809673e+00,3.45000000000000000e+01,2.53831581091875007e+05
119, -4.12499999999999811e-01, 7.14470958122161881e-01, 2.00000000000000000e+00,1.17299999999999982e+00,-1.75995631114232109e+00,-1.01611124999999936e+00,3.56738624999999985e+01,2.54901640146881226e+05
120, -4.99999999999999778e-01, 8.66025403784438708e-01, 0.00000000000000000e+00,1.17299999999999982e+00,-2.13328037714220731e+00,-1.23164999999999925e+00,3.57764999999999915e+01,2.55127240589999943e+05
121, -4.99999999999999778e-01, 8.66025403784438708e-01, 5.00000000000000000e-01,1.14999999999999991e+00,-2.10685842870420892e+00,-9.50814157129578508e-01,3.45000000000000000e+01,2.53832323000000004e+05
122, -4.99999999999999778e-01, 8.66025403784438708e-01, 1.00000000000000000e+00,1.12700000000000000e+00,-1.85442019712361872e+00,-1.07064999999999944e+00,3.32464999999999975e+01,2.52538357610000006e+05
123, -4.99999999999999778e-01, 8.66025403784438708e-01, 1.50000000000000000e+00,1.14999999999999991e+00,-1.87685842870420894e+00,-1.34918584287042020e+00,3.45000000000000000e+01,2.53832323000000004e+05
124, -4.99999999999999778e-01, 8.66025403784438708e-01, 2.00000000000000000e+00,1.17299999999999982e+00,-2.13328037714220731e+00,-1.23164999999999925e+00,3.57764999999999915e+01,2.55127240589999943e+05
125, -2.59807621135331512e-01, 1.50000000000000105e-01, 0.00000000000000000e+00,1.17299999999999982e+00,-3.69495000000000184e-01,-6.39984113142662014e-01,3.53659499999999909e+01,2.54225843228100013e+05
126, -2.59807621135331512e-01, 1.50000000000000105e-01, 5.00000000000000000e-01,1.14999999999999991e+00,-4.04755752861126472e-01,-5.63057528611262459e-01,3.45000000000000000e+01,2.53830209070000012e+05
127, -2.59807621135331512e-01, 1.50000000000000105e-01, 1.00000000000000000e+00,1.12700000000000000e+00,-3.21195000000000230e-01,-5.56326059137085327e-01,3.36409500000000037e+01,2.53434805509900034e+05
128, -2.59807621135331512e-01, 1.50000000000000105e-01, 1.50000000000000000e+00,1.14999999999999991e+00,-2.85244247138873974e-01,-6.32057528611262409e-01,3.45000000000000000e+01,2.53830209070000012e+05
129, -2.59807621135331512e-01, 1.50000000000000105e-01, 2.00000000000000000e+00,1.17299999999999982e+00,-3.69495000000000184e-01,-6.39984113142662014e-01,3.53659499999999909e+01,2.54225843228100013e+05
130, -4.11362066797608283e-01, 2.37500000000000155e-01, 0.00000000000000000e+00,1.17299999999999982e+00,-5.85033750000000241e-01,-1.01330817914254823e+00,3.54685874999999982e+01,2.54450941465931246e+05
131, -4.11362066797608283e-01, 2.37500000000000155e-01, 5.00000000000000000e-01,1.14999999999999991e+00,-6.40863275363450224e-01,-8.91507753634498967e-01,3.45000000000000000e+01,2.53830524126875011e+05
132, -4.11362066797608283e-01, 2.37500000000000155e-01, 1.00000000000000000e+00,1.12700000000000000e+00,-5.08558750000000281e-01,-8.80849593633718619e-01,3.35423375000000021e+01,2.53210493696693709e+05
133, -4.11362066797608283e-01, 2.37500000000000155e-01, 1.50000000000000000e+00,1.14999999999999991e+00,-4.51636724636550468e-01,-1.00075775363449893e+00,3.45000000000000000e+01,2.53830524126875011e+05
134, -4.11362066797608283e-01, 2.37500000000000155e-01, 2.00000000000000000e+00,1.17299999999999982e+00,-5.85033750000000241e-01,-1.01330817914254823e+00,3.54685874999999982e+01,2.54450941465931246e+05
135, -5.62916512459884943e-01, 3.25000000000000178e-01, 0.00000000000000000e+00,1.17299999999999982e+00,-8.00572500000000242e-01,-1.38663224514243422e+00,3.55712249999999912e+01,2.54676207105524983e+05
136, -5.62916512459884943e-01, 3.25000000000000178e-01, 5.00000000000000000e-01,1.14999999999999991e+00,-8.76970797865773921e-01,-1.21995797865773525e+00,3.45000000000000000e+01,2.53830981467500009e+05
137, -5.62916512459884943e-01, 3.25000000000000178e-01, 1.00000000000000000e+00,1.12700000000000000e+00,-6.95922500000000444e-01,-1.20537312813035147e+00,3.34437250000000006e+01,2.52986315108974988e+05
138, -5.62916512459884943e-01, 3.25000000000000178e-01, 1.50000000000000000e+00,1.14999999999999991e+00,-6.18029202134226852e-01,-1.36945797865773522e+00,3.45000000000000000e+01,2.53830981467500009e+05
139, -5.62916512459884943e-01, 3.25000000000000178e-01, 2.00000000000000000e+00,1.17299999999999982e+00,-8.00572500000000242e-01,-1.38663224514243422e+00,3.55712249999999912e+01,2.54676207105524983e+05
140, -7.14470958122161659e-01, 4.12500000000000255e-01, 0.00000000000000000e+00,1.17299999999999982e+00,-1.01611125000000069e+00,-1.75995631114232065e+00,3.56738624999999985e+01,2.54901640146881226e+05
141, -7.14470958122161659e-01, 4.12500000000000255e-01, 5.00000000000000000e-01,1.14999999999999991e+00,-1.11307832036809784e+00,-1.54840820368097165e+00,3.45000000000000000e+01,2.53831581091875007e+05
142, -7.14470958122161659e-01, 4.12500000000000255e-01, 1.00000000000000000e+00,1.12700000000000000e+00,-8.83286250000000606e-01,-1.52989666262698476e+00,3.33451124999999990e+01,2.52762269746743725e+05
143, -7.14470958122161659e-01, 4.12500000000000255e-01, 1.50000000000000000e+00,1.14999999999999991e+00,-7.84421679631903346e-01,-1.73815820368097174e+00,3.45000000000000000e+01,2.53831581091875007e+05
144, -7.14470958122161659e-01, 4.12500000000000255e-01, 2.00000000000000000e+00,1.17299999999999982e+00,-1.01611125000000069e+00,-1.75995631114232065e+00,3.56738624999999985e+01,2.54901640146881226e+05
145, -8.66025403784438486e-01, 5.00000000000000333e-01, 0.00000000000000000e+00,1.17299999999999982e+00,-1.23165000000000058e+00,-2.13328037714220686e+00,3.57764999999999915e+01,2.55127240589999943e+05
146, -8.66025403784438486e-01, 5.00000000000000333e-01, 5.00000000000000000e-01,1.14999999999999991e+00,-1.34918584287042154e+00,-1.87685842870420827e+00,3.45000000000000000e+01,2.53832323000000004e+05
147, -8.66025403784438486e-01, 5.00000000000000333e-01, 1.00000000000000000e+00,1.12700000000000000e+00,-1.07065000000000077e+00,-1.85442019712361805e+00,3.32464999999999975e+01,2.52538357610000006e+05
148, -8.66025403784438486e-01, 5.00000000000000333e-01, 1.50000000000000000e+00,1.14999999999999991e+00,-9.50814157129579840e-01,-2.10685842870420847e+00,3.45000000000000000e+01,2.53832323000000004e+05
149, -8.66025403784438486e-01, 5.00000000000000333e-01, 2.00000000000000000e+00,1.17299999999999982e+00,-1.23165000000000058e+00,-2.13328037714220686e+00,3.57764999999999915e+01,2.55127240589999943e+05
150, -2.99999999999999989e-01, 3.67394039744205950e-17, 0.00000000000000000e+00,1.17299999999999982e+00,-9.05001738101902445e-17,-7.38989999999999925e-01,3.53659499999999909e+01,2.54225843228100013e+05
151, -2.99999999999999989e-01, 3.67394039744205950e-17, 5.00000000000000000e-01,1.14999999999999991e+00,-6.90000000000000752e-02,-6.89999999999999947e-01,3.45000000000000000e+01,2.53830209070000012e+05
152, -2.99999999999999989e-01, 3.67394039744205950e-17, 1.00000000000000000e+00,1.12700000000000000e+00,-8.69511473862612121e-17,-6.42389999999999906e-01,3.36409500000000037e+01,2.53434805509900034e+05
153, -2.99999999999999989e-01, 3.67394039744205950e-17, 1.50000000000000000e+00,1.14999999999999991e+00,6.89999999999999086e-02,-6.89999999999999947e-01,3.45000000000000000e+01,2.53830209070000012e+05
154, -2.99999999999999989e-01, 3.67394039744205950e-17, 2.00000000000000000e+00,1.17299999999999982e+00,-7.32620454653921103e-17,-7.38989999999999925e-01,3.53659499999999909e+01,2.54225843228100013e+05
155, -4.74999999999999978e-01, 5.81707229594992718e-17, 0.00000000000000000e+00,1.17299999999999982e+00,-1.43291941866134537e-16,-1.17006749999999982e+00,3.54685874999999982e+01,2.54450941465931246e+05
156, -4.74999999999999978e-01, 5.81707229594992718e-17, 5.00000000000000000e-01,1.14999999999999991e+00,-1.09250000000000125e-01,-1.09249999999999980e+00,3.45000000000000000e+01,2.53830524126875011e+05
157, -4.74999999999999978e-01, 5.81707229594992718e-17, 1.00000000000000000e+00,1.12700000000000000e+00,-1.37672650028246933e-16,-1.01711749999999990e+00,3.35423375000000021e+01,2.53210493696693709e+05
158, -4.74999999999999978e-01, 5.81707229594992718e-17, 1.50000000000000000e+00,1.14999999999999991e+00,1.09249999999999861e-01,-1.09249999999999980e+00,3.45000000000000000e+01,2.53830524126875011e+05
159, -4.74999999999999978e-01, 5.81707229594992718e-17, 2.00000000000000000e+00,1.17299999999999982e+00,-1.15998238653537480e-16,-1.17006749999999982e+00,3.54685874999999982e+01,2.54450941465931246e+05
160, -6.49999999999999911e-01, 7.96020419445779424e-17, 0.00000000000000000e+00,1.17299999999999982e+00,-1.96083709922078805e-16,-1.60114499999999937e+00,3.55712249999999912e+01,2.54676207105524983e+05
161, -6.49999999999999911e-01, 7.96020419445779424e-17, 5.00000000000000000e-01,1.14999999999999991e+00,-1.49500000000000161e-01,-1.49499999999999966e+00,3.45000000000000000e+01,2.53830981467500009e+05
162, -6.49999999999999911e-01, 7.96020419445779424e-17, 1.00000000000000000e+00,1.12700000000000000e+00,-1.88394152670232616e-16,-1.39184499999999978e+00,3.34437250000000006e+01,2.52986315108974988e+05
163, -6.49999999999999911e-01, 7.96020419445779424e-17, 1.50000000000000000e+00,1.14999999999999991e+00,1.49499999999999772e-01,-1.49499999999999966e+00,3.45000000000000000e+01,2.53830981467500009e+05
164, -6.49999999999999911e-01, 7.96020419445779424e-17, 2.00000000000000000e+00,1.17299999999999982e+00,-1.58734431841682838e-16,-1.60114499999999937e+00,3.55712249999999912e+01,2.54676207105524983e+05
165, -8.24999999999999956e-01, 1.01033360929656638e-16, 0.00000000000000000e+00,1.17299999999999982e+00,-2.48875477978023123e-16,-2.03222249999999960e+00,3.56738624999999985e+01,2.54901640146881226e+05
166, -8.24999999999999956e-01, 1.01033360929656638e-16, 5.00000000000000000e-01,1.14999999999999991e+00,-1.89750000000000224e-01,-1.89749999999999974e+00,3.45000000000000000e+01,2.53831581091875007e+05
167, -8.24999999999999956e-01, 1.01033360929656638e-16, 1.00000000000000000e+00,1.12700000000000000e+00,-2.39115655312218349e-16,-1.76657249999999988e+00,3.33451124999999990e+01,2.52762269746743725e+05
168, -8.24999999999999956e-01, 1.01033360929656638e-16, 1.50000000000000000e+00,1.14999999999999991e+00,1.89749999999999780e-01,-1.89749999999999974e+00,3.45000000000000000e+01,2.53831581091875007e+05
169, -8.24999999999999956e-01, 1.01033360929656638e-16, 2.00000000000000000e+00,1.17299999999999982e+00,-2.01470625029828245e-16,-2.03222249999999960e+00,3.56738624999999985e+01,2.54901640146881226e+05
170, -1.00000000000000000e+00, 1.22464679914735321e-16, 0.00000000000000000e+00,1.17299999999999982e+00,-3.01667246033967514e-16,-2.46329999999999982e+00,3.57764999999999915e+01,2.55127240589999943e+05
171, -1.00000000000000000e+00, 1.22464679914735321e-16, 5.00000000000000000e-01,1.14999999999999991e+00,-2.30000000000000288e-01,-2.29999999999999982e+00,3.45000000000000000e+01,2.53832323000000004e+05
172, -1.00000000000000000e+00, 1.22464679914735321e-16, 1.00000000000000000e+00,1.12700000000000000e+00,-2.89837157954204032e-16,-2.14129999999999976e+00,3.32464999999999975e+01,2.52538357610000006e+05
173, -1.00000000000000000e+00, 1.22464679914735321e-16, 1.50000000000000000e+00,1.14999999999999991e+00,2.29999999999999705e-01,-2.29999999999999982e+00,3.45000000000000000e+01,2.53832323000000004e+05
174, -1.00000000000000000e+00, 1.22464679914735321e-16, 2.00000000000000000e+00,1.17299999999999982e+00,-2.44206818217973726e-16,-2.46329999999999982e+00,3.57764999999999915e+01,2.55127240589999943e+05
175, -2.59807621135331623e-01, -1.49999999999999911e-01, 0.00000000000000000e+00,1.17299999999999982e+00,3.69494999999999740e-01,-6.39984113142662348e-01,3.53659499999999909e+01,2.54225843228100013e+05
176, -2.59807621135331623e-01, -1.49999999999999911e-01, 5.00000000000000000e-01,1.14999999999999991e+00,2.85244247138873530e-01,-6.32057528611262742e-01,3.45000000000000000e+01,2.53830209070000012e+05
177, -2.59807621135331623e-01, -1.49999999999999911e-01, 1.00000000000000000e+00,1.12700000000000000e+00,3.21194999999999786e-01,-5.56326059137085549e-01,3.36409500000000037e+01,2.53434805509900034e+05
178, -2.59807621135331623e-01, -1.49999999999999911e-01, 1.50000000000000000e+00,1.14999999999999991e+00,4.04755752861126084e-01,-5.63057528611262681e-01,3.45000000000000000e+01,2.53830209070000012e+05
179, -2.59807621135331623e-01, -1.49999999999999911e-01, 2.00000000000000000e+00,1.17299999999999982e+00,3.69494999999999740e-01,-6.39984113142662348e-01,3.53659499999999909e+01,2.54225843228100013e+05
180, -4.11362066797608394e-01, -2.37499999999999850e-01, 0.00000000000000000e+00,1.17299999999999982e+00,5.85033749999999575e-01,-1.01330817914254867e+00,3.54685874999999982e+01,2.54450941465931246e+05
181, -4.11362066797608394e-01, -2.37499999999999850e-01, 5.00000000000000000e-01,1.14999999999999991e+00,4.51636724636549691e-01,-1.00075775363449915e+00,3.45000000000000000e+01,2.53830524126875011e+05
182, -4.11362066797608394e-01, -2.37499999999999850e-01, 1.00000000000000000e+00,1.12700000000000000e+00,5.08558749999999615e-01,-8.80849593633718730e-01,3.35423375000000021e+01,2.53210493696693709e+05
183, -4.11362066797608394e-01, -2.37499999999999850e-01, 1.50000000000000000e+00,1.14999999999999991e+00,6.40863275363449558e-01,-8.91507753634499300e-01,3.45000000000000000e+01,2.53830524126875011e+05
184, -4.11362066797608394e-01, -2.37499999999999850e-01, 2.00000000000000000e+00,1.17299999999999982e+00,5.85033749999999575e-01,-1.01330817914254867e+00,3.54685874999999982e+01,2.54450941465931246e+05
185, -5.62916512459885165e-01, -3.24999999999999789e-01, 0.00000000000000000e+00,1.17299999999999982e+00,8.00572499999999465e-01,-1.38663224514243533e+00,3.55712249999999912e+01,2.54676207105524983e+05
186, -5.62916512459885165e-01, -3.24999999999999789e-01, 5.00000000000000000e-01,1.14999999999999991e+00,6.18029202134225852e-01,-1.36945797865773566e+00,3.45000000000000000e+01,2.53830981467500009e+05
187, -5.62916512459885165e-01, -3.24999999999999789e-01, 1.00000000000000000e+00,1.12700000000000000e+00,6.95922499999999444e-01,-1.20537312813035213e+00,3.34437250000000006e+01,2.52986315108974988e+05
188, -5.62916512459885165e-01, -3.24999999999999789e-01, 1.50000000000000000e+00,1.14999999999999991e+00,8.76970797865773033e-01,-1.21995797865773592e+00,3.45000000000000000e+01,2.53830981467500009e+05
189, -5.62916512459885165e-01, -3.24999999999999789e-01, 2.00000000000000000e+00,1.17299999999999982e+00,8.00572499999999465e-01,-1.38663224514243533e+00,3.55712249999999912e+01,2.54676207105524983e+05
190, -7.14470958122161992e-01, -4.12499999999999756e-01, 0.00000000000000000e+00,1.17299999999999982e+00,1.01611124999999936e+00,-1.75995631114232132e+00,3.56738624999999985e+01,2.54901640146881226e+05
191, -7.14470958122161992e-01, -4.12499999999999756e-01, 5.00000000000000000e-01,1.14999999999999991e+00,7.84421679631902125e-01,-1.73815820368097240e+00,3.45000000000000000e+01,2.53831581091875007e+05
192, -7.14470958122161992e-01, -4.12499999999999756e-01, 1.00000000000000000e+00,1.12700000000000000e+00,8.83286249999999495e-01,-1.52989666262698543e+00,3.33451124999999990e+01,2.52762269746743725e+05
193, -7.14470958122161992e-01, -4.12499999999999756e-01, 1.50000000000000000e+00,1.14999999999999991e+00,1.11307832036809651e+00,-1.54840820368097254e+00,3.45000000000000000e+01,2.53831581091875007e+05
194, -7.14470958122161992e-01, -4.12499999999999756e-01, 2.00000000000000000e+00,1.17299999999999982e+00,1.01611124999999936e+00,-1.75995631114232132e+00,3.56738624999999985e+01,2.54901640146881226e+05
195, -8.66025403784438819e-01, -4.99999999999999722e-01, 0.00000000000000000e+00,1.17299999999999982e+00,1.23164999999999902e+00,-2.13328037714220820e+00,3.57764999999999915e+01,2.55127240589999943e+05
196, -8.66025403784438819e-01, -4.99999999999999722e-01, 5.00000000000000000e-01,1.14999999999999991e+00,9.50814157129578286e-01,-2.10685842870420892e+00,3.45000000000000000e+01,2.53832323000000004e+05
197, -8.66025403784438819e-01, -4.99999999999999722e-01, 1.00000000000000000e+00,1.12700000000000000e+00,1.07064999999999944e+00,-1.85442019712361872e+00,3.32464999999999975e+01,2.52538357610000006e+05
198, -8.66025403784438819e-01, -4.99999999999999722e-01, 1.50000000000000000e+00,1.14999999999999991e+00,1.34918584287042020e+00,-1.87685842870420938e+00,3.45000000000000000e+01,2.53832323000000004e+05
199, -8.66025403784438819e-01, -4.99999999999999722e-01, 2.00000000000000000e+00,1.17299999999999982e+00,1.23164999999999902e+00,-2.13328037714220820e+00,3.57764999999999915e+01,2.55127240589999943e+05
200, -1.50000000000000133e-01, -2.59807621135331512e-01, 0.00000000000000000e+00,1.17299999999999982e+00,6.39984113142662014e-01,-3.69495000000000295e-01,3.53659499999999909e+01,2.54225843228100013e+05
201, -1.50000000000000133e-01, -2.59807621135331512e-01, 5.00000000000000000e-01,1.14999999999999991e+00,5.63057528611262459e-01,-4.04755752861126528e-01,3.45000000000000000e+01,2.53830209070000012e+05
202, -1.50000000000000133e-01, -2.59807621135331512e-01, 1.00000000000000000e+00,1.12700000000000000e+00,5.56326059137085327e-01,-3.21195000000000286e-01,3.36409500000000037e+01,2.53434805509900034e+05
203, -1.50000000000000133e-01, -2.59807621135331512e-01, 1.50000000000000000e+00,1.14999999999999991e+00,6.32057528611262409e-01,-2.85244247138874030e-01,3.45000000000000000e+01,2.53830209070000012e+05
204, -1.50000000000000133e-01, -2.59807621135331512e-01, 2.00000000000000000e+00,1.17299999999999982e+00,6.39984113142662014e-01,-3.69495000000000295e-01,3.53659499999999909e+01,2.54225843228100013e+05
205, -2.37500000000000211e-01, -4.11362066797608228e-01, 0.00000000000000000e+00,1.17299999999999982e+00,1.01330817914254823e+00,-5.85033750000000574e-01,3.54685874999999982e+01,2.54450941465931246e+05
206, -2.37500000000000211e-01, -4.11362066797608228e-01, 5.00000000000000000e-01,1.14999999999999991e+00,8.91507753634498745e-01,-6.40863275363450446e-01,3.45000000000000000e+01,2.53830524126875011e+05
207, -2.37500000000000211e-01, -4.11362066797608228e-01, 1.00000000000000000e+00,1.12700000000000000e+00,8.80849593633718397e-01,-5.08558750000000392e-01,3.35423375000000021e+01,2.53210493696693709e+05
208, -2.37500000000000211e-01, -4.11362066797608228e-01, 1.50000000000000000e+00,1.14999999999999991e+00,1.00075775363449893e+00,-4.51636724636550579e-01,3.45000000000000000e+01,2.53830524126875011e+05
209, -2.37500000000000211e-01, -4.11362066797608228e-01, 2.00000000000000000e+00,1.17299999999999982e+00,1.01330817914254823e+00,-5.85033750000000574e-01,3.54685874999999982e+01,2.54450941465931246e+05
210, -3.25000000000000233e-01, -5.62916512459884832e-01, 0.00000000000000000e+00,1.17299999999999982e+00,1.38663224514243422e+00,-8.00572500000000353e-01,3.55712249999999912e+01,2.54676207105524983e+05
211, -3.25000000000000233e-01, -5.62916512459884832e-01, 5.00000000000000000e-01,1.14999999999999991e+00,1.21995797865773503e+00,-8.76970797865774032e-01,3.45000000000000000e+01,2.53830981467500009e+05
212, -3.25000000000000233e-01, -5.62916512459884832e-01, 1.00000000000000000e+00,1.12700000000000000e+00,1.20537312813035147e+00,-6.95922500000000555e-01,3.34437250000000006e+01,2.52986315108974988e+05
213, -3.25000000000000233e-01, -5.62916512459884832e-01, 1.50000000000000000e+00,1.14999999999999991e+00,1.36945797865773500e+00,-6.18029202134226963e-01,3.45000000000000000e+01,2.53830981467500009e+05
214, -3.25000000000000233e-01, -5.62916512459884832e-01, 2.00000000000000000e+00,1.17299999999999982e+00,1.38663224514243422e+00,-8.00572500000000353e-01,3.55712249999999912e+01,2.54676207105524983e+05
215, -4.12500000000000366e-01, -7.14470958122161659e-01, 0.00000000000000000e+00,1.17299999999999982e+00,1.75995631114232065e+00,-1.01611125000000069e+00,3.56738624999999985e+01,2.54901640146881226e+05
216, -4.12500000000000366e-01, -7.14470958122161659e-01, 5.00000000000000000e-01,1.14999999999999991e+00,1.54840820368097165e+00,-1.11307832036809784e+00,3.45000000000000000e+01,2.53831581091875007e+05
217, -4.12500000000000366e-01, -7.14470958122161659e-01, 1.00000000000000000e+00,1.12700000000000000e+00,1.52989666262698476e+00,-8.83286250000000717e-01,3.33451124999999990e+01,2.52762269746743725e+05
218, -4.12500000000000366e-01, -7.14470958122161659e-01, 1.50000000000000000e+00,1.14999999999999991e+00,1.73815820368097174e+00,-7.84421679631903679e-01,3.45000000000000000e+01,2.53831581091875007e+05
219, -4.12500000000000366e-01, -7.14470958122161659e-01, 2.00000000000000000e+00,1.17299999999999982e+00,1.75995631114232065e+00,-1.01611125000000069e+00,3.56738624999999985e+01,2.54901640146881226e+05
220, -5.00000000000000444e-01, -8.66025403784438375e-01, 0.00000000000000000e+00,1.17299999999999982e+00,2.13328037714220686e+00,-1.23165000000000080e+00,3.57764999999999915e+01,2.55127240589999943e+05
221, -5.00000000000000444e-01, -8.66025403784438375e-01, 5.00000000000000000e-01,1.14999999999999991e+00,1.87685842870420805e+00,-1.34918584287042176e+00,3.45000000000000000e+01,2.53832323000000004e+05
222, -5.00000000000000444e-01, -8.66025403784438375e-01, 1.00000000000000000e+00,1.12700000000000000e+00,1.85442019712361783e+00,-1.07065000000000099e+00,3.32464999999999975e+01,2.52538357610000006e+05
223, -5.00000000000000444e-01, -8.66025403784438375e-01, 1.50000000000000000e+00,1.14999999999999991e+00,2.10685842870420803e+00,-9.50814157129580173e-01,3.45000000000000000e+01,2.53832323000000004e+05
224, -5.00000000000000444e-01, -8.66025403784438375e-01, 2.00000000000000000e+00,1.17299999999999982e+00,2.13328037714220686e+00,-1.23165000000000080e+00,3.57764999999999915e+01,2.55127240589999943e+05
225, -5.51091059616308894e-17, -2.99999999999999989e-01, 0.00000000000000000e+00,1.17299999999999982e+00,7.38989999999999925e-01,-1.35750260715285367e-16,3.53659499999999909e+01,2.54225843228100013e+05
226, -5.51091059616308894e-17, -2.99999999999999989e-01, 5.00000000000000000e-01,1.14999999999999991e+00,6.89999999999999947e-01,-6.90000000000001168e-02,3.45000000000000000e+01,2.53830209070000012e+05
227, -5.51091059616308894e-17, -2.99999999999999989e-01, 1.00000000000000000e+00,1.12700000000000000e+00,6.42389999999999906e-01,-1.26286190251474630e-16,3.36409500000000037e+01,2.53434805509900034e+05
228, -5.51091059616308894e-17, -2.99999999999999989e-01, 1.50000000000000000e+00,1.14999999999999991e+00,6.89999999999999947e-01,6.89999999999998670e-02,3.45000000000000000e+01,2.53830209070000012e+05
229, -5.51091059616308894e-17, -2.99999999999999989e-01, 2.00000000000000000e+00,1.17299999999999982e+00,7.38989999999999925e-01,-1.18512132370487220e-16,3.53659499999999909e+01,2.54225843228100013e+05
230, -8.72560844392489015e-17, -4.74999999999999978e-01, 0.00000000000000000e+00,1.17299999999999982e+00,1.17006749999999982e+00,-2.14937912799201806e-16,3.54685874999999982e+01,2.54450941465931246e+05
231, -8.72560844392489015e-17, -4.74999999999999978e-01, 5.00000000000000000e-01,1.14999999999999991e+00,1.09249999999999980e+00,-1.09250000000000194e-01,3.45000000000000000e+01,2.53830524126875011e+05
232, -8.72560844392489015e-17, -4.74999999999999978e-01, 1.00000000000000000e+00,1.12700000000000000e+00,1.01711749999999990e+00,-1.99953134564834844e-16,3.35423375000000021e+01,2.53210493696693709e+05
233, -8.72560844392489015e-17, -4.74999999999999978e-01, 1.50000000000000000e+00,1.14999999999999991e+00,1.09249999999999980e+00,1.09249999999999792e-01,3.45000000000000000e+01,2.53830524126875011e+05
234, -8.72560844392489015e-17, -4.74999999999999978e-01, 2.00000000000000000e+00,1.17299999999999982e+00,1.17006749999999982e+00,-1.87644209586604749e-16,3.54685874999999982e+01,2.54450941465931246e+05
235, -1.19403062916866908e-16, -6.49999999999999911e-01, 0.00000000000000000e+00,1.17299999999999982e+00,1.60114499999999937e+00,-2.94125564883118245e-16,3.55712249999999912e+01,2.54676207105524983e+05
236, -1.19403062916866908e-16, -6.49999999999999911e-01, 5.00000000000000000e-01,1.14999999999999991e+00,1.49499999999999966e+00,-1.49500000000000244e-01,3.45000000000000000e+01,2.53830981467500009e+05
237, -1.19403062916866908e-16, -6.49999999999999911e-01, 1.00000000000000000e+00,1.12700000000000000e+00,1.39184499999999978e+00,-2.73620078878195007e-16,3.34437250000000006e+01,2.52986315108974988e+05
238, -1.19403062916866908e-16, -6.49999999999999911e-01, 1.50000000000000000e+00,1.14999999999999991e+00,1.49499999999999966e+00,1.49499999999999661e-01,3.45000000000000000e+01,2.53830981467500009e+05
239, -1.19403062916866908e-16, -6.49999999999999911e-01, 2.00000000000000000e+00,1.17299999999999982e+00,1.60114499999999937e+00,-2.56776286802722278e-16,3.55712249999999912e+01,2.54676207105524983e+05
240, -1.51550041394484938e-16, -8.24999999999999956e-01, 0.00000000000000000e+00,1.17299999999999982e+00,2.03222249999999960e+00,-3.73313216967034684e-16,3.56738624999999985e+01,2.54901640146881226e+05
241, -1.51550041394484938e-16, -8.24999999999999956e-01, 5.00000000000000000e-01,1.14999999999999991e+00,1.89749999999999974e+00,-1.89750000000000335e-01,3.45000000000000000e+01,2.53831581091875007e+05
242, -1.51550041394484938e-16, -8.24999999999999956e-01, 1.00000000000000000e+00,1.12700000000000000e+00,1.76657249999999988e+00,-3.47287023191555221e-16,3.33451124999999990e+01,2.52762269746743725e+05
243, -1.51550041394484938e-16, -8.24999999999999956e-01, 1.50000000000000000e+00,1.14999999999999991e+00,1.89749999999999974e+00,1.89749999999999641e-01,3.45000000000000000e+01,2.53831581091875007e+05
244, -1.51550041394484938e-16, -8.24999999999999956e-01, 2.00000000000000000e+00,1.17299999999999982e+00,2.03222249999999960e+00,-3.25908364018839806e-16,3.56738624999999985e+01,2.54901640146881226e+05
245, -1.83697019872102969e-16, -1.00000000000000000e+00, 0.00000000000000000e+00,1.17299999999999982e+00,2.46329999999999982e+00,-4.52500869050951222e-16,3.57764999999999915e+01,2.55127240589999943e+05
246, -1.83697019872102969e-16, -1.00000000000000000e+00, 5.00000000000000000e-01,1.14999999999999991e+00,2.29999999999999982e+00,-2.30000000000000399e-01,3.45000000000000000e+01,2.53832323000000004e+05
247, -1.83697019872102969e-16, -1.00000000000000000e+00, 1.00000000000000000e+00,1.12700000000000000e+00,2.14129999999999976e+00,-4.20953967504915385e-16,3.32464999999999975e+01,2.52538357610000006e+05
248, -1.83697019872102969e-16, -1.00000000000000000e+00, 1.50000000000000000e+00,1.14999999999999991e+00,2.29999999999999982e+00,2.29999999999999594e-01,3.45000000000000000e+01,2.53832323000000004e+05
249, -1.83697019872102969e-16, -1.00000000000000000e+00, 2.00000000000000000e+00,1.17299999999999982e+00,2.46329999999999982e+00,-3.95040441234957433e-16,3.57764999999999915e+01,2.55127240589999943e+05
250, 1.49999999999999800e-01, -2.59807621135331679e-01, 0.00000000000000000e+00,1.17299999999999982e+00,6.39984113142662459e-01,3.69494999999999407e-01,3.53659499999999909e+01,2.54225843228100013e+05
251, 1.49999999999999800e-01, -2.59807621135331679e-01, 5.00000000000000000e-01,1.14999999999999991e+00,6.32057528611262742e-01,2.85244247138873197e-01,3.45000000000000000e+01,2.53830209070000012e+05
252, 1.49999999999999800e-01, -2.59807621135331679e-01, 1.00000000000000000e+00,1.12700000000000000e+00,5.56326059137085660e-01,3.21194999999999509e-01,3.36409500000000037e+01,2.53434805509900034e+05
253, 1.49999999999999800e-01, -2.59807621135331679e-01, 1.50000000000000000e+00,1.14999999999999991e+00,5.63057528611262903e-01,4.04755752861125806e-01,3.45000000000000000e+01,2.53830209070000012e+05
254, 1.49999999999999800e-01, -2.59807621135331679e-01, 2.00000000000000000e+00,1.17299999999999982e+00,6.39984113142662459e-01,3.69494999999999407e-01,3.53659499999999909e+01,2.54225843228100013e+05
255, 2.37499999999999684e-01, -4.11362066797608505e-01, 0.00000000000000000e+00,1.17299999999999982e+00,1.01330817914254889e+00,5.85033749999999131e-01,3.54685874999999982e+01,2.54450941465931246e+05
256, 2.37499999999999684e-01, -4.11362066797608505e-01, 5.00000000000000000e-01,1.14999999999999991e+00,1.00075775363449937e+00,4.51636724636549303e-01,3.45000000000000000e+01,2.53830524126875011e+05
257, 2.37499999999999684e-01, -4.11362066797608505e-01, 1.00000000000000000e+00,1.12700000000000000e+00,8.80849593633719175e-01,5.08558749999999282e-01,3.35423375000000021e+01,2.53210493696693709e+05
258, 2.37499999999999684e-01, -4.11362066797608505e-01, 1.50000000000000000e+00,1.14999999999999991e+00,8.91507753634499522e-01,6.40863275363449114e-01,3.45000000000000000e+01,2.53830524126875011e+05
259, 2.37499999999999684e-01, -4.11362066797608505e-01, 2.00000000000000000e+00,1.17299999999999982e+00,1.01330817914254889e+00,5.85033749999999131e-01,3.54685874999999982e+01,2.54450941465931246e+05
260, 3.24999999999999512e-01, -5.62916512459885277e-01, 0.00000000000000000e+00,1.17299999999999982e+00,1.38663224514243533e+00,8.00572499999998688e-01,3.55712249999999912e+01,2.54676207105524983e+05
261, 3.24999999999999512e-01, -5.62916512459885277e-01, 5.00000000000000000e-01,1.14999999999999991e+00,1.36945797865773589e+00,6.18029202134225297e-01,3.45000000000000000e+01,2.53830981467500009e+05
262, 3.24999999999999512e-01, -5.62916512459885277e-01, 1.00000000000000000e+00,1.12700000000000000e+00,1.20537312813035258e+00,6.95922499999999000e-01,3.34437250000000006e+01,2.52986315108974988e+05
263, 3.24999999999999512e-01, -5.62916512459885277e-01, 1.50000000000000000e+00,1.14999999999999991e+00,1.21995797865773614e+00,8.76970797865772367e-01,3.45000000000000000e+01,2.53830981467500009e+05
264, 3.24999999999999512e-01, -5.62916512459885277e-01, 2.00000000000000000e+00,1.17299999999999982e+00,1.38663224514243533e+00,8.00572499999998688e-01,3.55712249999999912e+01,2.54676207105524983e+05
265, 4.12499999999999423e-01, -7.14470958122162214e-01, 0.00000000000000000e+00,1.17299999999999982e+00,1.75995631114232198e+00,1.01611124999999847e+00,3.56738624999999985e+01,2.54901640146881226e+05
266, 4.12499999999999423e-01, -7.14470958122162214e-01, 5.00000000000000000e-01,1.14999999999999991e+00,1.73815820368097262e+00,7.84421679631901347e-01,3.45000000000000000e+01,2.53831581091875007e+05
267, 4.12499999999999423e-01, -7.14470958122162214e-01, 1.00000000000000000e+00,1.12700000000000000e+00,1.52989666262698587e+00,8.83286249999998829e-01,3.33451124999999990e+01,2.52762269746743725e+05
268, 4.12499999999999423e-01, -7.14470958122162214e-01, 1.50000000000000000e+00,1.14999999999999991e+00,1.54840820368097321e+00,1.11307832036809584e+00,3.45000000000000000e+01,2.53831581091875007e+05
269, 4.12499999999999423e-01, -7.14470958122162214e-01, 2.00000000000000000e+00,1.17299999999999982e+00,1.75995631114232198e+00,1.01611124999999847e+00,3.56738624999999985e+01,2.54901640146881226e+05
270, 4.99999999999999334e-01, -8.66025403784439041e-01, 0.00000000000000000e+00,1.17299999999999982e+00,2.13328037714220864e+00,1.23164999999999836e+00,3.57764999999999915e+01,2.55127240589999943e+05
271, 4.99999999999999334e-01, -8.66025403784439041e-01, 5.00000000000000000e-01,1.14999999999999991e+00,2.10685842870420936e+00,9.50814157129577397e-01,3.45000000000000000e+01,2.53832323000000004e+05
272, 4.99999999999999334e-01, -8.66025403784439041e-01, 1.00000000000000000e+00,1.12700000000000000e+00,1.85442019712361916e+00,1.07064999999999855e+00,3.32464999999999975e+01,2.52538357610000006e+05
273, 4.99999999999999334e-01, -8.66025403784439041e-01, 1.50000000000000000e+00,1.14999999999999991e+00,1.87685842870420982e+00,1.34918584287041954e+00,3.45000000000000000e+01,2.53832323000000004e+05
274, 4.99999999999999334e-01, -8.66025403784439041e-01, 2.00000000000000000e+00,1.17299999999999982e+00,2.13328037714220864e+00,1.23164999999999836e+00,3.57764999999999915e+01,2.55127240589999943e+05
275, 2.59807621135331512e-01, -1.50000000000000133e-01, 0.00000000000000000e+00,1.17299999999999982e+00,3.69495000000000295e-01,6.39984113142662014e-01,3.53659499999999909e+01,2.54225843228100013e+05
276, 2.59807621135331512e-01, -1.50000000000000133e-01, 5.00000000000000000e-01,1.14999999999999991e+00,4.04755752861126528e-01,5.63057528611262459e-01,3.45000000000000000e+01,2.53830209070000012e+05
277, 2.59807621135331512e-01, -1.50000000000000133e-01, 1.00000000000000000e+00,1.12700000000000000e+00,3.21195000000000286e-01,5.56326059137085327e-01,3.36409500000000037e+01,2.53434805509900034e+05
278, 2.59807621135331512e-01, -1.50000000000000133e-01, 1.50000000000000000e+00,1.14999999999999991e+00,2.85244247138874030e-01,6.32057528611262409e-01,3.45000000000000000e+01,2.53830209070000012e+05
279, 2.59807621135331512e-01, -1.50000000000000133e-01, 2.00000000000000000e+00,1.17299999999999982e+00,3.69495000000000295e-01,6.39984113142662014e-01,3.53659499999999909e+01,2.54225843228100013e+05
280, 4.11362066797608228e-01, -2.37500000000000211e-01, 0.00000000000000000e+00,1.17299999999999982e+00,5.85033750000000574e-01,1.01330817914254823e+00,3.54685874999999982e+01,2.54450941465931246e+05
281, 4.11362066797608228e-01, -2.37500000000000211e-01, 5.00000000000000000e-01,1.14999999999999991e+00,6.40863275363450446e-01,8.91507753634498745e-01,3.45000000000000000e+01,2.53830524126875011e+05
282, 4.11362066797608228e-01, -2.37500000000000211e-01, 1.00000000000000000e+00,1.12700000000000000e+00,5.08558750000000392e-01,8.80849593633718397e-01,3.35423375000000021e+01,2.53210493696693709e+05
283, 4.11362066797608228e-01, -2.37500000000000211e-01, 1.50000000000000000e+00,1.14999999999999991e+00,4.51636724636550579e-01,1.00075775363449893e+00,3.45000000000000000e+01,2.53830524126875011e+05
284, 4.11362066797608228e-01, -2.37500000000000211e-01, 2.00000000000000000e+00,1.17299999999999982e+00,5.85033750000000574e-01,1.01330817914254823e+00,3.54685874999999982e+01,2.54450941465931246e+05
285, 5.62916512459884832e-01, -3.25000000000000233e-01, 0.00000000000000000e+00,1.17299999999999982e+00,8.00572500000000353e-01,1.38663224514243422e+00,3.55712249999999912e+01,2.54676207105524983e+05
286, 5.62916512459884832e-01, -3.25000000000000233e-01, 5.00000000000000000e-01,1.14999999999999991e+00,8.76970797865774032e-01,1.21995797865773503e+00,3.45000000000000000e+01,2.53830981467500009e+05
287, 5.62916512459884832e-01, -3.25000000000000233e-01, 1.00000000000000000e+00,1.12700000000000000e+00,6.95922500000000555e-01,1.20537312813035147e+00,3.34437250000000006e+01,2.52986315108974988e+05
288, 5.62916512459884832e-01, -3.25000000000000233e-01, 1.50000000000000000e+00,1.14999999999999991e+00,6.18029202134226963e-01,1.36945797865773500e+00,3.45000000000000000e+01,2.53830981467500009e+05
289, 5.62916512459884832e-01, -3.25000000000000233e-01, 2.00000000000000000e+00,1.17299999999999982e+00,8.00572500000000353e-01,1.38663224514243422e+00,3.55712249999999912e+01,2.54676207105524983e+05
290, 7.14470958122161659e-01, -4.12500000000000366e-01, 0.00000000000000000e+00,1.17299999999999982e+00,1.01611125000000069e+00,1.75995631114232065e+00,3.56738624999999985e+01,2.54901640146881226e+05
291, 7.14470958122161659e-01, -4.12500000000000366e-01, 5.00000000000000000e-01,1.14999999999999991e+00,1.11307832036809784e+00,1.54840820368097165e+00,3.45000000000000000e+01,2.53831581091875007e+05
292, 7.14470958122161659e-01, -4.12500000000000366e-01, 1.00000000000000000e+00,1.12700000000000000e+00,8.83286250000000717e-01,1.52989666262698476e+00,3.33451124999999990e+01,2.52762269746743725e+05
293, 7.14470958122161659e-01, -4.12500000000000366e-01, 1.50000000000000000e+00,1.14999999999999991e+00,7.84421679631903679e-01,1.73815820368097174e+00,3.45000000000000000e+01,2.53831581091875007e+05
294, 7.14470958122161659e-01, -4.12500000000000366e-01, 2.00000000000000000e+00,1.17299999999999982e+00,1.01611125000000069e+00,1.75995631114232065e+00,3.56738624999999985e+01,2.54901640146881226e+05
295, 8.66025403784438375e-01, -5.00000000000000444e-01, 0.00000000000000000e+00,1.17299999999999982e+00,1.23165000000000080e+00,2.13328037714220686e+00,3.57764999999999915e+01,2.55127240589999943e+05
296, 8.66025403784438375e-01, -5.00000000000000444e-01, 5.00000000000000000e-01,1.14999999999999991e+00,1.34918584287042176e+00,1.87685842870420805e+00,3.45000000000000000e+01,2.53832323000000004e+05
297, 8.66025403784438375e-01, -5.00000000000000444e-01, 1.00000000000000000e+00,1.12700000000000000e+00,1.07065000000000099e+00,1.85442019712361783e+00,3.32464999999999975e+01,2.52538357610000006e+05
298, 8.66025403784438375e-01, -5.00000000000000444e-01, 1.50000000000000000e+00,1.14999999999999991e+00,9.50814157129580173e-01,2.10685842870420803e+00,3.45000000000000000e+01,2.53832323000000004e+05
299, 8.66025403784438375e-01, -5.00000000000000444e-01, 2.00000000000000000e+00,1.17299999999999982e+00,1.23165000000000080e+00,2.13328037714220686e+00,3.57764999999999915e+01,2.55127240589999943e+05
