"Time_Iter","Outer_Iter","Inner_Iter",    "rms[Rho]"    ,    "rms[RhoU]"   ,    "rms[RhoV]"   ,    "rms[RhoE]"   
          0,           0,           0,       -2.82181759,     -0.9466002197,     -0.2858390826,       2.657591458
          0,           0,           1,      -3.034784802,      -1.337798855,      -0.707967406,       2.444320483
          0,           0,           2,      -3.958671349,      -1.954027899,      -1.380048574,       1.521072861
          0,           0,           3,      -4.457549266,      -2.281427023,      -1.985100127,       1.023934909
          0,           0,           4,      -4.576051966,       -2.44100591,      -2.090830766,      0.9038336931
          0,           0,           5,      -4.672892903,      -2.498452271,      -2.187074948,      0.8071887547
          0,           0,           6,       -4.73771512,      -2.577582507,      -2.242723515,      0.7416470411
          0,           0,           7,      -4.790817852,      -2.636186659,      -2.265944331,      0.6880976565
          0,           0,           8,      -4.841496964,      -2.676682587,      -2.291357258,      0.6366680902
          0,           0,           9,      -4.869667942,       -2.69918282,      -2.321441721,       0.608262101
          0,           0,          10,      -4.895243487,      -2.719557917,       -2.33952979,      0.5825304986
          0,           0,          11,      -4.939366738,      -2.750938715,      -2.384864001,      0.5382844299
          0,           0,          12,      -4.976511695,      -2.782307433,      -2.438841258,      0.5015797999
          0,           0,          13,      -5.036464562,      -2.824966479,      -2.511209609,      0.4418904545
          0,           0,          14,      -5.105149459,      -2.887721512,      -2.563674773,      0.3730729244
          0,           0,          15,      -5.174853564,      -2.910804465,      -2.567139941,        0.30427101
          0,           0,          16,      -5.238501189,      -2.949771562,      -2.629859316,      0.2398317818
          0,           0,          17,       -5.27531257,      -2.984787237,      -2.697013266,      0.2032726727
          0,           0,          18,      -5.267984933,      -3.023872043,      -2.691736352,       0.210287373
          0,           0,          19,      -5.313501857,       -3.08048153,      -2.695476776,      0.1650611099
          0,           0,          20,      -5.373431758,      -3.139009068,      -2.780928868,       0.105282559
          0,           0,          21,      -5.422930223,      -3.213245754,      -2.835758405,     0.05523841055
          0,           0,          22,      -5.487778001,      -3.245997316,      -2.889220007,   -0.008585352007
          0,           0,          23,      -5.532139544,      -3.289286519,      -2.940952682,    -0.05386563671
          0,           0,          24,      -5.571499665,      -3.333008983,      -2.962158231,    -0.09334282451
          0,           0,          25,      -5.612092071,      -3.381052461,      -2.983568155,     -0.1338823966
          0,           0,          26,      -5.672170006,      -3.429885856,       -3.03927946,     -0.1939467262
          0,           0,          27,      -5.715568957,      -3.479238698,      -3.101376819,     -0.2376664062
          0,           0,          28,      -5.761723675,       -3.52633617,      -3.162390889,     -0.2841773586
          0,           0,          29,      -5.809454625,      -3.563024946,      -3.211509394,     -0.3319240673
          0,           0,          30,      -5.856348592,      -3.607550407,      -3.253708279,     -0.3792058051
          0,           0,          31,      -5.906221925,      -3.647875027,      -3.297181664,     -0.4292210123
          0,           0,          32,      -5.946803183,      -3.680272747,      -3.331375497,     -0.4696756312
          0,           0,          33,      -5.977228214,      -3.718376308,      -3.354879988,     -0.5000722825
          0,           0,          34,        -6.0047808,      -3.758350427,      -3.383633974,     -0.5276011048
          0,           0,          35,      -6.036159481,      -3.797568612,       -3.42202867,     -0.5588383702
          0,           0,          36,      -6.072251406,      -3.827718302,      -3.467588919,     -0.5946679328
          0,           0,          37,      -6.110931644,      -3.862948412,      -3.496309745,     -0.6331082819
          0,           0,          38,      -6.149079922,      -3.900975911,      -3.525161752,      -0.671517676
          0,           0,          39,      -6.185427505,      -3.937398786,      -3.551927406,     -0.7080917239
          0,           0,          40,      -6.222948351,      -3.975243869,      -3.583589584,     -0.7458580819
          0,           0,          41,      -6.262501679,      -4.010037616,      -3.625683031,     -0.7854615147
          0,           0,          42,      -6.300673835,      -4.047031209,      -3.669368261,      -0.823699277
          0,           0,          43,       -6.33334097,      -4.074599212,       -3.70374472,     -0.8563388675
          0,           0,          44,      -6.369498147,       -4.10270055,      -3.736002503,     -0.8923961333
          0,           0,          45,       -6.41107836,      -4.137449651,      -3.773092108,     -0.9340957608
          0,           0,          46,      -6.452158605,      -4.169176762,      -3.804538996,     -0.9752770271
          0,           0,          47,      -6.486493438,      -4.208061145,      -3.833405547,      -1.009644299
          0,           0,          48,      -6.522439875,        -4.2479614,      -3.864950161,      -1.045716946
          0,           0,          49,      -6.541916947,      -4.278903728,      -3.894676865,      -1.064868035
