marker,point,radius,Limiter_Velocity_x_develop,Limiter_Velocity_x_pr,Limiter_Velocity_x_annulus,Limiter_Velocity_y_develop,Limiter_Velocity_y_pr,Limiter_Velocity_y_annulus
per1,0,0.250000,0.99493601,0.99493601,0.99493601,0.03586981,0.99808410,0.99808410
per1,80,0.256410,1.02590950,0.99708324,0.99708324,0.00623941,0.99730828,0.99730828
per1,81,0.262821,1.03487742,0.99765960,0.99765960,0.00867230,0.99786290,0.99786290
per1,82,0.269231,1.03440694,0.99660957,0.99660957,0.01157554,0.99552129,0.99552129
per1,83,0.275641,1.03202242,0.99678830,0.99678830,0.01222301,0.99500404,0.99500404
per1,84,0.282051,1.02893247,0.99724747,0.99724747,0.01214404,0.99497275,0.99497275
per1,85,0.288462,1.02528789,0.99758429,0.99758429,0.01217048,0.99461606,0.99461606
per1,86,0.294872,1.02041322,0.99781258,0.99781258,0.01251419,0.99387103,0.99387103
per1,87,0.301282,1.01389914,0.99811707,0.99811707,0.01290628,0.99310491,0.99310491
per1,88,0.307692,1.00588175,0.99840184,0.99840184,0.01313344,0.99273609,0.99273609
per1,89,0.314103,1.00145897,0.99857884,0.99857884,0.01293152,0.99311152,0.99311152
per1,90,0.320513,1.00135316,0.99868694,0.99868694,0.01231296,0.99409063,0.99409063
per1,91,0.326923,1.00128867,0.99875274,0.99875274,0.01147668,0.99528518,0.99528518
per1,92,0.333333,1.00130702,0.99873404,0.99873404,0.01071324,0.99627542,0.99627542
per1,93,0.339744,1.00138707,0.99865234,0.99865234,0.01027514,0.99675564,0.99675564
per1,94,0.346154,1.00149393,0.99854310,0.99854310,0.01023890,0.99668008,0.99668008
per1,95,0.352564,1.00159178,0.99844285,0.99844285,0.01053978,0.99617497,0.99617497
per1,96,0.358974,1.00165374,0.99837927,0.99837927,0.01103733,0.99544880,0.99544880
per1,97,0.365385,1.00166671,0.99836592,0.99836592,0.01157459,0.99472081,0.99472081
per1,98,0.371795,1.00163178,0.99840173,0.99840173,0.01201325,0.99417841,0.99417841
per1,99,0.378205,1.00156116,0.99847411,0.99847411,0.01225090,0.99395233,0.99395233
per1,100,0.384615,1.00147392,0.99856341,0.99856341,0.01223161,0.99409890,0.99409890
per1,101,0.391026,1.00139192,0.99864722,0.99864722,0.01195457,0.99458888,0.99458888
per1,102,0.397436,1.00133676,0.99870352,0.99870352,0.01147719,0.99531161,0.99531161
per1,103,0.403846,1.00132753,0.99871293,0.99871293,0.01090538,0.99610185,0.99610185
per1,104,0.410256,1.00137961,0.99865975,0.99865975,0.01036821,0.99678503,0.99678503
per1,105,0.416667,1.00150503,0.99853145,0.99853145,0.00998407,0.99722389,0.99722389
per1,106,0.423077,1.00171553,0.99831538,0.99831538,0.00983310,0.99734744,0.99734744
per1,107,0.429487,1.00202818,0.99799274,0.99799274,0.00994757,0.99715418,0.99715418
per1,108,0.435897,1.00247321,0.99752989,0.99752989,0.01031651,0.99670231,0.99670231
per1,109,0.442308,1.00311621,0.99685360,0.99685360,0.01091238,0.99608376,0.99608376
per1,110,0.448718,1.00408933,0.99581275,0.99581275,0.01172700,0.99541002,0.99541002
per1,111,0.455128,1.00560255,0.99415143,0.99415143,0.01279705,0.99480402,0.99480402
per1,112,0.461538,1.00798662,0.99142293,0.99142293,0.01425832,0.99440239,0.99440239
per1,113,0.467949,1.01172765,0.98684385,0.98684385,0.01645095,0.99433276,0.99433276
per1,114,0.474359,1.01748007,0.97899144,0.97899144,0.02004241,0.99483660,0.99483660
per1,115,0.480769,1.02601520,0.96508611,0.96508611,0.02676954,0.99557576,0.99557576
per1,116,0.487179,1.03791686,0.93928697,0.93928697,0.03973378,0.99856363,0.99856363
per1,117,0.493590,1.04744933,0.88364559,0.88364559,0.07609591,0.97436747,0.97436747
per1,1,0.500000,1.05617659,0.79646327,0.79646327,0.09922288,1.00080100,1.00080100
per2,3,0.250000,-0.00222604,0.98500931,0.98500931,1.03573688,0.99809376,0.99809376
per2,118,0.256410,0.02022412,0.99100207,0.99100207,0.99982593,0.99982593,0.99982593
per2,119,0.262821,0.02617322,0.98850049,0.98850049,1.00076498,0.99904178,0.99904178
per2,120,0.269231,0.02749630,0.98759091,0.98759091,1.00396120,0.99578119,0.99578119
per2,121,0.275641,0.02617595,0.98744550,0.98744550,1.00473145,0.99494862,0.99494862
per2,122,0.282051,0.02401315,0.98767427,0.98767427,1.00484853,0.99481031,0.99481031
per2,123,0.288462,0.02168826,0.98790459,0.98790459,1.00511624,0.99451159,0.99451159
per2,124,0.294872,0.01876817,0.98802448,0.98802448,1.00572223,0.99384033,0.99384033
per2,125,0.301282,0.01470374,0.98813517,0.98813517,1.00638741,0.99309039,0.99309039
per2,126,0.307692,0.00929538,0.98813469,0.98813469,1.00670818,0.99271619,0.99271619
per2,127,0.314103,0.00590254,0.98809074,0.98809074,1.00637867,0.99307428,0.99307428
per2,128,0.320513,0.00513538,0.98808831,0.98808831,1.00550146,0.99403930,0.99403930
per2,129,0.326923,0.00424511,0.98816979,0.98816979,1.00440027,0.99523300,0.99523300
per2,130,0.333333,0.00355788,0.98831141,0.98831141,1.00346222,0.99623415,0.99623415
per2,131,0.339744,0.00327492,0.98846204,0.98846204,1.00299327,0.99673225,0.99673225
per2,132,0.346154,0.00340390,0.98857577,0.98857577,1.00305575,0.99667323,0.99667323
per2,133,0.352564,0.00383027,0.98862313,0.98862313,1.00352863,0.99618024,0.99618024
per2,134,0.358974,0.00438755,0.98859579,0.98859579,1.00420494,0.99546122,0.99546122
per2,135,0.365385,0.00491149,0.98850467,0.98850467,1.00487362,0.99473629,0.99473629
per2,136,0.371795,0.00527033,0.98837462,0.98837462,1.00536393,0.99419406,0.99419406
per2,137,0.378205,0.00538025,0.98823795,0.98823795,1.00556334,0.99396614,0.99396614
per2,138,0.384615,0.00521492,0.98812757,0.98812757,1.00542568,0.99410933,0.99410933
per2,139,0.391026,0.00481047,0.98807003,0.98807003,1.00497635,0.99459479,0.99459479
per2,140,0.397436,0.00426042,0.98807922,0.98807922,1.00431042,0.99531249,0.99531249
per2,141,0.403846,0.00369512,0.98815250,0.98815250,1.00357503,0.99609813,0.99609813
per2,142,0.410256,0.00324886,0.98827073,0.98827073,1.00293360,0.99677790,0.99677790
per2,143,0.416667,0.00302722,0.98840236,0.98840236,1.00252197,0.99721441,0.99721441
per2,144,0.423077,0.00308870,0.98850922,0.98850922,1.00241532,0.99733498,0.99733498
per2,145,0.429487,0.00344644,0.98855183,0.98855183,1.00261981,0.99713451,0.99713451
per2,146,0.435897,0.00408064,0.98849318,0.98849318,1.00308293,0.99666410,0.99666410
per2,147,0.442308,0.00497270,0.98828938,0.98828938,1.00372181,0.99600548,0.99600548
per2,148,0.448718,0.00613720,0.98786137,0.98786137,1.00444585,0.99525237,0.99525237
per2,149,0.455128,0.00763571,0.98707459,0.98707459,1.00517235,0.99449673,0.99449673
per2,150,0.461538,0.00960550,0.98566660,0.98566660,1.00583091,0.99382522,0.99382522
per2,151,0.467949,0.01230005,0.98312230,0.98312230,1.00638746,0.99329172,0.99329172
per2,152,0.474359,0.01601135,0.97842071,0.97842071,1.00676496,0.99300439,0.99300439
per2,153,0.480769,0.02152393,0.96944859,0.96944859,1.00730643,0.99259937,0.99259937
per2,154,0.487179,0.02782694,0.95143825,0.95143825,1.00763031,1.00763031,1.00763031
per2,155,0.493590,0.05167668,0.91090884,0.91090884,1.01852471,1.01852471,1.01852471
per2,2,0.500000,0.03972284,0.84919886,0.84919886,0.98952121,0.98952121,0.98952121
