"Time_Iter","Outer_Iter","Inner_Iter",    "rms[Rho]"    ,    "rms[RhoU]"   ,    "rms[RhoV]"   ,    "rms[RhoE]"   ,     "rms[nu]"    
          0,           0,           0,      -2.258584206,     0.09749584175,      0.1335926574,       3.210775544,       -4.90004555
          0,           0,           1,      -2.700738285,    -0.08183495514,     -0.2718901561,       2.782907723,      -5.329421237
          0,           0,           2,      -3.695869735,      -1.222485607,      -1.248482046,       1.794495734,      -5.969564691
          0,           0,           3,      -4.125035355,       -1.46259274,      -1.912041393,       1.372644577,      -6.622753503
          0,           0,           4,      -4.329420318,       -1.61690525,      -2.249202855,       1.170022712,      -7.058079481
          0,           0,           5,       -4.51986391,      -1.779934018,      -2.487239046,      0.9561830533,      -7.240644233
          0,           0,           6,      -4.662571389,      -1.884130886,      -2.553264181,      0.8168807876,      -7.280890449
          0,           0,           7,      -4.782900695,      -1.966814404,      -2.646269518,      0.7015329119,      -7.258433274
          0,           0,           8,      -4.875566875,      -2.030922724,      -2.783275079,       0.611306574,       -7.21412453
          0,           0,           9,      -4.946062832,      -2.079922111,      -2.908414175,      0.5409698084,      -7.158540666
          0,           0,          10,      -5.004467293,       -2.11512615,      -3.004384007,      0.4817859462,      -7.094929999
          0,           0,          11,       -5.05307638,       -2.13896939,      -3.038032156,      0.4319898945,      -7.029350846
          0,           0,          12,      -5.110328533,      -2.156321711,      -3.093206426,      0.3735223891,      -6.964468206
          0,           0,          13,      -5.157961143,      -2.171508519,      -3.090338349,      0.3241849593,       -6.90233886
          0,           0,          14,      -5.199808657,      -2.184238313,      -3.124259714,      0.2817358625,      -6.843505114
          0,           0,          15,      -5.236132166,      -2.200839548,      -3.126583999,      0.2443940884,      -6.787522115
          0,           0,          16,      -5.256469877,       -2.21580604,      -3.100841632,      0.2232246924,      -6.734710317
          0,           0,          17,      -5.278824476,      -2.234674667,      -3.099538588,      0.2006446947,      -6.684421553
          0,           0,          18,      -5.307284828,       -2.25981392,      -3.106141375,      0.1711839983,      -6.634519644
          0,           0,          19,      -5.339435529,      -2.271734216,       -3.16851868,      0.1386641361,      -6.584909016
